Area,Area Code,Year Code,Land,Livestock,Fertilizers,Temperature,Millets,Rice,Wheat
Afghanistan,2,1961,37700,47000,1000000,-0.059,19000,319000,2279000
Afghanistan,2,1962,37760,49000,1000000,-0.154,20000,319000,2279000
Afghanistan,2,1963,37810,50000,1000000,0.82,21000,319000,1947000
Afghanistan,2,1964,37873,53000,1000000,-0.728,22000,380000,2230000
Afghanistan,2,1965,37875,55000,1000000,0.001,23000,380000,2282000
Afghanistan,2,1966,37913,58000,1000000,0.169,24000,337000,2033000
Afghanistan,2,1967,37979,66000,9000000,-0.357,25000,396000,2280000
Afghanistan,2,1968,37980,62900,14000000,-0.309,26000,402000,2354000
Afghanistan,2,1969,37996,63000,15000000,-0.464,27000,407000,2454000
Afghanistan,2,1970,38006,60000,16000000,0.853,28000,366000,2081000
Afghanistan,2,1971,38036,60000,14800000,0.605,29000,350000,1915000
Afghanistan,2,1972,38046,60000,16000000,-1.098,30000,400000,2450000
Afghanistan,2,1973,38048,61000,17700000,0.059,30000,420000,2700000
Afghanistan,2,1974,38048,61000,24200000,-0.741,31000,420000,2750000
Afghanistan,2,1975,38048,62000,27668000,-0.792,32000,435000,2850000
Afghanistan,2,1976,38048,62000,30646000,-0.298,40000,448000,2936000
Afghanistan,2,1977,38050,63000,37014000,0.513,35000,400000,2652000
Afghanistan,2,1978,38050,62000,35497000,0.258,36000,428000,2813000
Afghanistan,2,1979,38049,64000,33227000,0.42,34000,439000,2663000
Afghanistan,2,1980,38049,64000,37846000,0.747,34000,415000,2550000
Afghanistan,2,1981,38053,66000,28740000,0.628,32000,390000,2470000
Afghanistan,2,1982,38054,66000,38843000,-0.164,30000,364000,2391000
Afghanistan,2,1983,38054,67000,36800000,0.318,30000,350000,2306000
Afghanistan,2,1984,38054,68000,52820000,0.333,28000,334000,2194000
Afghanistan,2,1985,38054,69000,53182000,0.336,27000,317000,2081000
Afghanistan,2,1986,38054,70000,50720000,0.124,25000,336000,1925000
Afghanistan,2,1987,38045,69000,52800000,0.572,25000,324000,2300000
Afghanistan,2,1988,38040,68000,49830000,1.242,25000,343000,1900000
Afghanistan,2,1989,38040,67000,50000000,-0.055,25000,320000,1800000
Afghanistan,2,1990,38040,66000,44100000,1.056,26000,333000,1650000
Afghanistan,2,1991,38030,65000,42800000,-0.009,23302,335000,1726000
Afghanistan,2,1992,38030,64000,38900000,-0.166,20000,300000,1650000
Afghanistan,2,1993,37934,63000,40000000,0.654,21774,300000,1940000
Afghanistan,2,1996,37752,80000,5000000,0.334,21915,340000,2300000
Afghanistan,2,1997,37790,80000,5000000,0.833,21723,400000,2711000
Afghanistan,2,1998,37867,78280,6000000,0.887,21506,450000,2834000
Afghanistan,2,1999,37753,74000,5000000,1.703,21396,280000,2499000
Afghanistan,2,2000,37753,68560,5000000,1.379,22000,260000,1469000
Afghanistan,2,2001,37753,68440,18400000,1.717,22000,242000,1597000
Afghanistan,2,2002,37753,121560,23446000,1.563,20000,388000,2686000
Afghanistan,2,2003,37910,124020,20320000,0.854,17000,434000,3480000
Afghanistan,2,2004,37911,130220,23383000,1.625,17000,463000,2390000
Afghanistan,2,2005,37910,144140,25096000,1.025,22000,485000,4266000
Afghanistan,2,2006,37910,108800,49032000,1.959,12000,540000,3363000
Afghanistan,2,2007,37910,90350,28205000,1.232,20000,552000,4484000
Afghanistan,2,2008,37910,106890,23289000,1.202,22000,612000,2623000
Afghanistan,2,2009,37910,101930,35236000,1.633,19000,645000,5064000
Afghanistan,2,2010,37911,128880,33159000,1.881,15000,672000,4532000
Afghanistan,2,2011,37910,133780,49936000,1.787,15000,672000,3388000
Afghanistan,2,2012,37910,132120,218171400,0.722,15000,500000,5050000
Afghanistan,2,2013,37910,120530,114296380,1.251,13000,512094,5169235
Afghanistan,2,2014,37910,110980,92616000,1.299,3866,537000,5370259
Afghanistan,2,2015,37910,118630,92616000,1.414,7771,410000,4673040
Australia,10,1961,474484.44,198900,35017000,0.119,21827,118000,6727192
Australia,10,1962,476592.93,202900,43800000,0.109,36985,139000,8352912
Australia,10,1963,479369.58,207000,70200000,-0.146,37856,140000,8924460
Australia,10,1964,481903.81,211100,64000000,-0.063,26290,146000,10036954
Australia,10,1965,486259.19,215000,70000000,0.069,24140,158000,7067060
Australia,10,1966,487028.53,215000,85412000,-0.258,21745,187000,12699257
Australia,10,1967,489580.56,220000,129997000,-0.039,31542,221000,7546691
Australia,10,1968,513569.56,225000,140386000,-0.197,21228,228000,14804143
Australia,10,1969,510888.02,240000,125413000,0.072,19078,267000,10546200
Australia,10,1970,493432.5,270000,123381000,-0.089,34454,250000,7889918
Australia,10,1971,499536.17,300000,124239000,-0.096,57000,301000,8606000
Australia,10,1972,499815,405350.12,166556000,0.071,26000,248000,6590000
Australia,10,1973,497897,417380,172259000,0.823,26000,309000,11987000
Australia,10,1974,500357,441510.51,177594000,-0.227,35000,409000,11357000
Australia,10,1975,499547,407593.91,165654000,0.149,21571,387000,11982000
Australia,10,1976,500742,429170.9,211168000,-0.378,27432,417000,11800000
Australia,10,1977,491510,433412.62,222154000,0.288,18599,530000,9370336
Australia,10,1978,496100,426371.29,210549000,0.132,33087,489697,18090000
Australia,10,1979,493238,432140,241837000,0.357,36393,692151,16188000
Australia,10,1980,495638,467490,238346000,0.852,14333,613163,10856000
Australia,10,1981,495565,465610,245021000,0.439,27247,760000,16360000
Australia,10,1982,490772,449740,258000000,0.254,38597,857000,8875571
Australia,10,1983,483789,486320,305000000,0.647,29367,520000,22016000
Australia,10,1984,486558,477680,344000000,-0.145,43355,634000,18666032
Australia,10,1985,486791,504010,340000000,0.337,26093,864000,15999000
Australia,10,1986,468541,519300,332500000,0.298,32000,687000,16119000
Australia,10,1987,471020,560090,363100000,0.327,38885,549000,12287000
Australia,10,1988,472052,645660,392600000,0.914,50229,761000,13935000
Australia,10,1989,467104,529010,440300000,0.127,20546,805000,14214495
Australia,10,1990,464437,599560,439400000,0.52,39289,924000,15066100
Australia,10,1991,462782,551160,462300000,0.783,21263,787000,10557400
Australia,10,1992,466004,600710,488200000,0.194,42994,1122000,14738678
Australia,10,1993,460097,680870,565400000,0.45,14237,955000,16479000
Australia,10,1994,469143,692080,583200000,0.223,36988,1082000,8961000
Australia,10,1995,463388,660040,671300000,0.386,43550,1137000,16504000
Australia,10,1996,465230,757440,824600000,0.537,29832,951200,23702000
Australia,10,1997,462233,814320,839400000,0.309,30000,1388000,19224000
Australia,10,1998,463881,895400,979000000,0.926,31000,1330900,22108000
Australia,10,1999,453693,917750,1082000000,0.599,43000,1389800,24757000
Australia,10,2000,455469,849280,951000000,0.193,56783,1100700,22108000
Australia,10,2001,455700,909730,1049900000,0.159,26947,1643403,22108078
Australia,10,2002,447000,850020,980100000,0.402,25308,1192202,24299335
Australia,10,2003,439764,838260,932900000,0.735,34212,438111,10131924
Australia,10,2004,394906,834040,1056200000,0.681,43483,553114,26131870
Australia,10,2005,410230,759030,952300000,1.07,25008,338885,21905113
Australia,10,2006,409302,943840,858000000,0.71,35000,1002654,25150343
Australia,10,2007,398355.5,973860,848800000,0.936,36000,162806,10821628
Australia,10,2008,389288,886290,835000000,0.536,37000,17614,13569378
Australia,10,2009,384257,954090,849800000,1.002,38000,60868,21420177
Australia,10,2010,376372,830240,981800000,0.7,36065,196684,21834010
Australia,10,2011,396121,907440,1098900000,0.503,35891,723283,27410076
Australia,10,2012,387076,1009960,1124600000,0.403,35728,918733,29905009
Australia,10,2013,371775,986530,1222100000,1.414,35805,1161115,22855576
Australia,10,2014,374423,975000,1404600000,1.246,35882,819276,25303037
Australia,10,2015,348119,886580,1302800000,1.051,35958,690390,23742560
Brazil,21,1961,156959,1322749.38,55064000,1.174,0.257,5392477,544858
Brazil,21,1962,160666,1374304.38,50284000,0.257,-0.199,5556834,705619
Brazil,21,1963,164373,1443020,62061000,-0.199,0.187,5740065,392363
Brazil,21,1964,168080,1515170,50808000,0.187,-0.197,6344931,643004
Brazil,21,1965,171787,1590930,70569000,-0.197,-0.098,7579649,585384
Brazil,21,1966,175494,1670475.62,71134000,-0.098,0.053,5801814,614657
Brazil,21,1967,179201,1754000,106382000,0.053,0.063,6791990,629301
Brazil,21,1968,182908,1841700,144320000,0.063,-0.205,6652388,856170
Brazil,21,1969,186615,1933784.38,164430000,-0.205,0.25,6394285,1373691
Brazil,21,1970,190328,2000000,278595000,0.25,0.171,7553083,1844263
Brazil,21,1971,193834,2136222.5,278281000,0.171,-0.217,6593179,2011334
Brazil,21,1972,197340,2500000,411642000,-0.217,0.182,6760641,982901
Brazil,21,1973,200846,2716748.75,347591000,0.182,0.253,7160127,2031338
Brazil,21,1974,204352,2743779.38,389183000,0.253,-0.292,6764038,2858530
Brazil,21,1975,207859,3118668.75,406234000,-0.292,-0.199,7781538,1788180
Brazil,21,1976,218989,3389770,498272000,-0.199,-0.248,9757079,3215745
Brazil,21,1977,222039,3315860,700480000,-0.248,0.3,8993696,2066039
Brazil,21,1978,225041,3457110.62,702243000,0.3,0.135,7296142,2690888
Brazil,21,1979,227089,3876569.38,778653000,0.135,0.065,7595214,2926764
Brazil,21,1980,232517.21,4413210,905460000,0.065,0.298,9775720,2701613
Brazil,21,1981,234413.8,4500480,667840000,0.298,0.248,8228326,2209631
Brazil,21,1982,236310.6,4699240,642300000,0.248,0.316,9734553,1826945
Brazil,21,1983,238207.4,4507530,568049000,0.316,0.512,7741753,2236700
Brazil,21,1984,240104.2,4627840,812880000,0.512,0.299,9027367,1983157
Brazil,21,1985,241998.71,4700880,834100000,0.299,0.181,9024555,4320267
Brazil,21,1986,240579.2,4956400,980900000,0.181,0.393,10404680,5638470
Brazil,21,1987,239159.4,5145500,957900000,0.393,0.63,10425100,6099111
Brazil,21,1988,237739.6,5100990,814952000,0.63,0.484,11806450,5745670
Brazil,21,1989,236319.8,5312190,802500000,0.484,0.209,11029800,5555184
Brazil,21,1990,234900,5462350,796600000,0.209,0.484,7420931,3093791
Brazil,21,1991,233480.2,5943920,830800000,0.484,0.57,9488007,2916823
Brazil,21,1992,232060.4,6396250,841300000,0.57,0.488,10006292,2795598
Brazil,21,1993,230640.6,6541670,1085500000,0.488,0.51,10107310,2197354
Brazil,21,1994,229220.8,6810880,1220800000,0.51,0.6,10540789,2096259
Brazil,21,1995,227805,7295310,1140100000,0.6,0.825,11226064,1533871
Brazil,21,1996,227908.7,7280870,1250900000,0.825,0.542,8652328,3292777
Brazil,21,1997,228012.4,7606220,1438100000,0.542,0.752,8351665,2489070
Brazil,21,1998,228116.1,7652220,1545500000,0.752,1.272,7716090,2269847
Brazil,21,1999,228219.8,8045750,1660767000,1.272,0.626,11709694,2461856
Brazil,21,2000,228323.5,8427410,1668000000,0.626,0.521,11134588,1725792
Brazil,21,2001,228427.2,8828880,1640000000,0.521,0.833,10184185,3366599
Brazil,21,2002,228530.9,8841450,1834733000,0.833,1.121,10445986,3105660
Brazil,21,2003,228634.6,9213230,2407558000,1.121,0.909,10334603,6153500
Brazil,21,2004,228738.3,9442980,2281346000,0.909,0.852,13277008,5818846
Brazil,21,2005,228842,9990410,2072214000,0.852,1.171,13192863,4658790
Brazil,21,2006,228951,10115160,2192739000,1.171,0.917,11526685,2484848
Brazil,21,2007,229581.3,11276580,2948784000,0.917,0.95,11060741,4114057
Brazil,21,2008,230211.6,11987040,2498138000,0.95,0.71,12061465,6027131
Brazil,21,2009,230841.9,12300870,3145930000,0.71,0.875,12651144,5055525
Brazil,21,2010,231472.2,12389130,3668652000,0.875,1.178,11235986,6171250
Brazil,21,2011,232102.5,12682090,4418196000,1.178,0.796,13476994,5690043
Brazil,21,2012,232732.8,12452690,3733515630,0.796,1.053,11549881,4418388
Brazil,21,2013,233363.1,12466380,4106356015,1.053,0.988,11782549,5738473
Brazil,21,2014,233993.4,13207490,4275187185,0.988,1.085,12175602,6261895
Brazil,21,2015,234623.7,13264530,3830094770,1.085,1.444,12301201,5508451
China,351,1961,343248,5408501.75,544000000,0.276,7205330,56217596,14294248
China,351,1962,346001,5544229.4,810000000,-0.122,5307194,65675296,16707100
China,351,1963,348854,5709718.2,974000000,0.287,6603853,76439287,18493747
China,351,1964,351706,5868009.9,1250000000,-0.014,7005808,85853775,20859709
China,351,1965,355509,5908951.7,1832000000,0.089,6205520,90705628,25243492
China,351,1966,359112,5992605.5,2671000000,0.182,9005797,98403988,25308507
China,351,1967,362715,6075525.5,1958000000,-0.281,9007032,96734821,28508872
China,351,1968,366313,6157976.5,2146000000,-0.409,8506176,97716770,27472126
China,351,1969,370928,6278823.65,2635000000,-0.221,8506345,97998501,27294958
China,351,1970,375518,6406308.31,3369000000,-0.32,9756277,113101872,29188672
China,351,1971,380165,6510519.15,3370000000,0.013,9506046,118129217,32577354
China,351,1972,384781,6744025.5,3859000000,0,7005997,116428568,35986554
China,351,1973,390388,6830937,4451000000,0.396,7004733,124584102,35225929
China,351,1974,397029,7059471.51,3849000000,-0.029,7505870,127010746,40865746
China,351,1975,401637,7111906.9,5039000000,0.282,6505215,128726268,45313042
China,351,1976,407590,7581219.9,4755000000,-0.428,5553452,129231908,50386232
China,351,1977,413532,7774911.7,7073000000,-0.09,6152830,131917523,41076295
China,351,1978,419396,8203647.1,9280000000,0.227,6553596,140023847,53842395
China,351,1979,424113,8496932.29,10641000000,0.274,6153433,146846141,62732521
China,351,1980,428519,9211463.39,12112100000,0.235,5448072,142876522,55212839
China,351,1981,433818,9681314.22,11528300000,0.204,5768098,146959846,59642710
China,351,1982,443418,10313870.12,12274900000,0.366,6582676,164741383,68472314
China,351,1983,453831,11158580,13722000000,0.119,7541408,172008870,81391570
China,351,1984,465438,11865010,15179500000,-0.182,7026337,181095752,87817368
China,351,1985,477244,12668920,13838300000,-0.161,5978159,171318871,85807133
China,351,1986,483353,14352510,13576100000,-0.049,4541386,174720521,90043693
China,351,1987,488661,16436090,16803900000,0.414,4539115,176662482,85904702
China,351,1988,494279,18508390,18514000000,0.367,4412771,171441919,85432957
China,351,1989,500388,19840990,18855296000,0.453,3753835,182485246,90810047
China,351,1990,506592,20830610,19557800000,0.871,4575644,191614680,98231940
China,351,1991,512271,23079750,19970500000,0.521,3424581,186124638,95953581
China,351,1992,515198,24431920,20329000000,0.138,3317569,188291880,101591334
China,351,1993,519106,26967950,18003300000,0.271,3999685,179746933,106394921
China,351,1994,523713,30021740,19160000000,0.743,3696506,177994395,99301440
China,351,1995,523714,31374490,23781500000,0.675,3019500,187297968,102211429
China,351,1996,523752,34745480,25275000000,0.174,3572601,197032897,110569193
China,351,1997,524205,39839550,22949700000,0.884,2312751,202771843,123290085
China,351,1998,524549,31203650,22887000000,1.223,3113387,200571557,109726066
China,351,1999,523995,34221100,24142000000,1.202,2318644,200403308,113880088
China,351,2000,522861,36230120,22139168000,0.592,2125740,189814060,99636127
China,351,2001,520771,37694850,22422712000,1.094,1966779,179304887,93873234
China,351,2002,519387,40989100,25223879000,1.176,2176772,176342195,90290262
China,351,2003,516984,39805460,25348375000,0.698,1941933,162304280,86488264
China,351,2004,517276,42146480,26393147000,1.1,1812872,180522603,91952238
China,351,2005,518273,44452440,26781271000,0.881,1785797,182055138,97445196
China,351,2006,514969,44518680,27386223000,1.003,1820689,183276048,108466271
China,351,2007,515400,47115830,28116795000,1.306,1507608,187397460,109298296
China,351,2008,515377,50303990,28507058000,0.868,1286605,193352875,112464292
China,351,2009,515374,52221980,29073676000,1.119,1225579,196681177,115115364
China,351,2010,515368.5,53027200,29644642000,0.759,1573508,197212003,115186178
China,351,2011,515366.5,47109880,30232323000,0.614,1567776,202667169,117414034
China,351,2012,515361.1,49165710,30802513391.0883,0.49,1796042,205936129,121030059
China,351,2013,515358.1,48351780,30963767423.5483,0.929,1746527,205201696,121930527
China,351,2014,515357.7,46326400,31144838572.2317,1.161,2344714,208239610,126215211
China,351,2015,528634.7,47012348.17,31028054891.0033,1.234,1966502,213723732,132646335
France,68,1961,34539,1670000,624700000,1.288,4645,133690,9573520
France,68,1962,34440,1700000,682821000,0.792,2310,130230,14053770
France,68,1963,34354,1730000,790672000,-0.305,4005,117390,10248960
France,68,1964,34109,1750000,860500000,-0.976,4124,121900,13837700
France,68,1965,34001,1800000,870600000,0.012,2604,97830,14760000
France,68,1966,33846,1380000,990017000,-0.722,2306,102340,11296620
France,68,1967,33629,1380000,1133068000,0.317,2195,116990,14287540
France,68,1968,33178,1580000,1243125000,0.419,1282,84810,14984900
France,68,1969,33173,1653980,1241347000,-0.143,828,95390,14446000
France,68,1970,32495,1647560,1453446000,-0.087,1490,90680,12649000
France,68,1971,32623,1626370,1524827000,-0.174,1390,76510,15241000
France,68,1972,32515,1568480,1588051000,-0.081,1130,41450,17996000
France,68,1973,32460,1580000,1833083000,-0.256,1680,69330,17851008
France,68,1974,32442,1620640,1554800000,0.159,1680,49250,19007008
France,68,1975,32357,1644020,1707800000,-0.056,1550,42400,15013000
France,68,1976,32021,1647550,1815000000,0.55,1600,30400,16126000
France,68,1977,31910,1689540,1831700000,0.468,2790,24110,17450000
France,68,1978,31961,1705460,1978000000,0.042,3080,36790,20967712
France,68,1979,31834,1691901.88,2134800000,-0.173,3200,30000,19544000
France,68,1980,31722,1762903.75,2146500000,-0.103,3310,25300,23781008
France,68,1981,31687,1859650,2193000000,-0.16,3200,20100,23762000
France,68,1982,31646,1870000,2196000000,0.115,5000,27100,25358000
France,68,1983,31565,1870000,2320000000,0.757,6000,38000,24745008
France,68,1984,31508,1850000,2337000000,0.721,6300,35600,32977008
France,68,1985,31442,2097590,2408000000,-0.11,6500,61560,28784000
France,68,1986,31395,2085420,2568400000,-0.37,6800,60020,26474784
France,68,1987,31353,2075440,2557100000,-0.067,7000,59500,27414576
France,68,1988,30830,2110840,2605000000,-0.111,7200,74896,29038496
France,68,1989,30740.9,2018080,2660000000,0.671,7400,105825,31822304
France,68,1990,30592.8,1941660,2492000000,1.232,7600,121300,33345808
France,68,1991,30484.9,2111040,2569000000,1.51,7800,115042,34362204
France,68,1992,30384.3,2139600,2154000000,0.243,8010,127737,32490755
France,68,1993,30291.3,2187520,2222000000,0.553,8200,131042,29200263
France,68,1994,30204.9,2190890,2308300000,0.272,8400,128509,30493197
France,68,1995,30150.2,2204990,2391700000,1.53,8500,127305,30869729
France,68,1996,30096.3,2266030,2523900000,1.321,8700,120279,35935157
France,68,1997,30039.6,2311430,2513100000,0.196,8850,127088,33862198
France,68,1998,29980,2331490,2488100000,1.232,8930,113823,39801138
France,68,1999,29929.1,2239390,2571400000,0.892,9000,110256,36950991
France,68,2000,29807.4,2141870,2316300000,1.171,16000,115958,37355957
France,68,2001,29713.3,2161770,2397000000,1.145,26000,102810,31545319
France,68,2002,29610.7,2107480,2203200000,1.231,20000,105227,38936515
France,68,2003,29534.6,2057320,2375400000,0.913,24000,106723,30479362
France,68,2004,29458.4,1973610,2324000000,1.75,38000,115110,39690180
France,68,2005,29390.4,1917320,2205000000,0.846,44133,102306,36886103
France,68,2006,29312.7,1825780,2204665000,0.84,36000,94782,35363563
France,68,2007,29206.1,1917240,2402000000,1.173,37000,97316,32763446
France,68,2008,29110.1,1927350,2099000000,1.19,37500,111523,39006372
France,68,2009,29019.9,1966080,1900820000,0.799,38000,137132,38336865
France,68,2010,28926.3,2315270,2043000000,1.067,40000,120170,38207431
France,68,2011,28878.6,2329100,1944450000,0.265,40000,130400,35992794
France,68,2012,28844.8,2411330,2024929000,1.39,37000,124091,37885742
France,68,2013,28773.7,2515810,2143821000,1.076,40000,80801,38651472
France,68,2014,28766.5,1681790,2190930000,0.558,41785,83492,38950202
France,68,2015,28726.9,1721260,2208168000,1.832,40372,80858,42750027
Greece,84,1961,8910,143366.8,83348000,0.488,1946,81247,1527870
Greece,84,1962,8902,150303.6,96667000,0.606,791,68388,1722137
Greece,84,1963,9021,171612.5,115933000,0.253,1103,76861,1416932
Greece,84,1964,8991,178514.1,131060000,-0.369,900,106759,2088000
Greece,84,1965,8678,185351.99,133929000,-0.404,679,104461,2071988
Greece,84,1966,9090,217830.1,145103000,0.752,752,80138,2020033
Greece,84,1967,9113,250172.5,156792000,-0.218,1650,93425,1935922
Greece,84,1968,9143,249597.6,182121000,0.116,745,102468,1568000
Greece,84,1969,9144,253156.99,190107000,-0.087,622,101404,1723594
Greece,84,1970,9155,224939.61,200640000,0.267,900,78757,1930736
Greece,84,1971,9155,241329.9,205699000,-0.243,1054,70494,1946000
Greece,84,1972,9160,286440,212465000,-0.23,1460,74000,1768000
Greece,84,1973,9143,306620,244293000,-0.324,967,84458,1682000
Greece,84,1974,9141,295660,251500000,-0.151,1108,105000,2153000
Greece,84,1975,9118,300530.1,275080000,-0.247,1421,102000,2120000
Greece,84,1976,9115,288430.1,291310000,-0.869,1807,69000,2376000
Greece,84,1977,9112,299627.21,294000000,0.343,1392,94000,1766516
Greece,84,1978,9175,281850.1,341200000,-0.479,1845,95000,2704452
Greece,84,1979,9181,296605.29,356100000,0.216,3193,86700,2407000
Greece,84,1980,9180,294400,333300000,-0.401,3095,80100,2970000
Greece,84,1981,9206,295620,373289000,-0.13,2213,85900,2932000
Greece,84,1982,9206,295440,383800000,-0.193,590,82500,3039000
Greece,84,1983,9182,302530,418000000,-0.429,636,86300,2059000
Greece,84,1984,9209,290820,426600000,-0.091,247,95000,2316000
Greece,84,1985,9184,291230,458300000,0.027,200,103765,1807000
Greece,84,1986,9180,280290,431600000,0.344,200,121000,2389000
Greece,84,1987,9177,291230,388800000,-0.38,126,137000,2314000
Greece,84,1988,9179,268890,415600000,0.106,160,125000,2514000
Greece,84,1989,9215,272950,404200000,-0.203,0,106202,2762000
Greece,84,1990,9222,275780,427500000,0.363,0,99000,1939000
Greece,84,1991,9164,267670,408400000,-0.306,0,89000,3162000
Greece,84,1992,9167,273760,393000000,-0.571,0,106000,2288000
Greece,84,1993,9160,275090.03,328000000,-0.36,0,149476,2078846
Greece,84,1994,9170,278045.46,346000000,1.002,0,191364,2470190
Greece,84,1995,9164,274625.75,315000000,0.027,0,211599,2314836
Greece,84,1996,9172,276498.96,340000000,-0.141,0,221906,2086213
Greece,84,1997,8985,277744.68,307000000,-0.202,0,217377,2081482
Greece,84,1998,8782,281659.71,292000000,0.591,0,189518,2062775
Greece,84,1999,8670,282066.16,291000000,0.805,0,170465,1976552
Greece,84,2000,8529,302888.91,285000000,0.704,0,140043,2287322
Greece,84,2001,8438,299611.97,261000000,1.348,0,150187,2196643
Greece,84,2002,8343,285155.23,271991000,0.399,0,165532,2038582
Greece,84,2003,8252,298883.71,284707000,0.43,0,162443,1701947
Greece,84,2004,8080,289386.65,225050000,0.293,0,168311,2092097
Greece,84,2005,8005,303911.43,203847000,0.176,1,164966,2018524
Greece,84,2006,7863,313719.93,172621000,0.136,2,179166,1778170
Greece,84,2007,7753,314243.66,136564000,0.914,3,195340,1629072
Greece,84,2008,7657,317647.41,175038000,0.735,16,185296,2074608
Greece,84,2009,7560,289596.61,114160000,0.645,109,214964,2139472
Greece,84,2010,7489,278410.75,177135000,1.429,116,208210,1920670
Greece,84,2011,7396,290000.13,269202000,0.17,117,250685,1857429
Greece,84,2012,7283,280832.11,176000000,1.158,119,230662,1835901
Greece,84,2013,7153,303244.44,189208000,1.198,120,235939,1831869
Greece,84,2014,6201,320620,179850000,0.875,120,229381,1570416
Greece,84,2015,6199,318105.18,175923000,0.9,120,263646,1458705
India,100,1961,174952,1076000,249800000,-0.148,7725000,53494496,10997000
India,100,1962,176482,1072000,333000000,-0.312,7855000,49825552,12072000
India,100,1963,176154,1068000,376800000,-0.018,7921000,55497008,10776000
India,100,1964,176712,1065000,555200000,-0.051,8506000,58962000,9853000
India,100,1965,177177,1061000,574800000,-0.103,6634000,45883504,12257000
India,100,1966,177530,1057000,737800000,0.28,7587000,45657008,10394000
India,100,1967,177807,1170000,1034600000,-0.229,8976300,56418304,11393000
India,100,1968,178364,1200000,1208600000,-0.199,7253500,59641808,16540100
India,100,1969,177792,1230000,1356000000,0.312,9176000,60644544,18651600
India,100,1970,178052,1270000,1479000000,0.051,12171600,63337808,20093296
India,100,1971,177817,1320000,1798000000,-0.459,9197000,64602000,23832496
India,100,1972,177946,1295000,1839000000,-0.024,7404500,58867952,26409904
India,100,1973,178751,1390000,1829000000,0.257,11557000,66077008,24734608
India,100,1974,179282,1400000,1765700000,-0.05,7020900,59650000,21778000
India,100,1975,179694,1410000,2748600000,-0.349,10456600,73352000,24104400
India,100,1976,179649,1420000,2456900000,-0.08,9649700,63051904,28846304
India,100,1977,179591,1493000,2913000000,0.112,9666000,79005600,29009904
India,100,1978,180592,1679000,3419500000,-0.069,10660700,80608496,31749200
India,100,1979,180580,1771000,3498100000,0.37,8094200,63475696,35507808
India,100,1980,180272,1868000,3678100000,0.473,9336900,80312000,31830000
India,100,1981,180401,1970000,4068700000,0.132,10136200,79883008,36312608
India,100,1982,180771,1805000,4042900000,0.019,8583400,70771696,37451808
India,100,1983,180462,2198000,4637300000,-0.109,12232000,90048000,42793904
India,100,1984,181452,2325000,5333300000,-0.095,9770700,87552800,45476000
India,100,1985,181340,2460000,5750000000,0.223,7399100,95817696,44068800
India,100,1986,181192,2602000,6528700000,0.188,8383300,90779408,47051808
India,100,1987,181543,2510000,5702900000,0.583,6865900,85338704,44322896
India,100,1988,181091,2565000,7157500000,0.594,11352900,106368800,46169408
India,100,1989,181501,2620000,7150900000,0.143,10721100,110310608,54110208
India,100,1990,181413,2680000,7565500000,0.075,10423800,111517408,49849504
India,100,1991,181586,2740000,8046272000,0.328,8128900,112042000,55134496
India,100,1992,181305,2840250,8426735000,0.175,12280900,109001200,55689504
India,100,1993,181382,2910000,8778871000,0.416,8488400,120400000,57210100
India,100,1994,181291,2980000,9507169000,0.26,10299300,122640000,59840000
India,100,1995,180945,3060000,9822852000,0.324,8661100,115440000,65767400
India,100,1996,180589,3140000,10315919000,0.442,10940500,122500000,62097400
India,100,1997,180981,3154280,10901899000,-0.003,10376200,123700000,69350200
India,100,1998,180874,3340000,11353755000,0.702,10234500,129055000,66345000
India,100,1999,181021,3530000,11586250000,0.556,8689900,134495904,71287504
India,100,2000,180975,3740000,10920200000,0.412,10077800,127464896,76368896
India,100,2001,180487,3960000,11310175000,0.445,11235300,139900000,69680896
India,100,2002,180560,4190000,10469210000,0.805,6493900,107730304,72766304
India,100,2003,180249,4573990,11077861000,0.674,14638800,132789000,65760800
India,100,2004,180375,4930760,11712729000,0.595,10841300,124697104,72156200
India,100,2005,180126,5315360,12723910000,0.53,10509200,137690096,68636896
India,100,2006,179906,5729960,13760868000,0.65,10346900,139136992,69354496
India,100,2007,179620,6177340,14417665000,0.639,12673000,144570000,75806704
India,100,2008,179757,6325600,14863815000,0.292,11371800,148036000,78570200
India,100,2009,180068,6477400,15558372000,1.212,8776800,135672992,80679400
India,100,2010,179573,6633000,16450653000,1.219,13293000,143963008,80803600
India,100,2011,179670,6790000,17367540000,0.526,12660000,157900000,86874000
India,100,2012,179642,6926460,16820900000,0.591,10750000,157800000,94880000
India,100,2013,179698,7090000,16750100000,0.51,10910000,159200000,93510000
India,100,2014,179721,7250000,16949600000,0.693,11420000,157200000,95850000
India,100,2015,179721,7403685.99,17372300000,0.769,11630000,156540000,86530000
Iraq,103,1961,8800,65000,1040000,-0.131,3133,68453,857350
Iraq,103,1962,8855,71000,1000000,0.95,2891,113100,1085494
Iraq,103,1963,8910,75000,2027000,0.386,3700,143216,488254
Iraq,103,1964,8865,79000,2271000,-0.794,5100,184350,807013
Iraq,103,1965,8920,52900.2,2622000,-0.155,5267,178434,1005288
Iraq,103,1966,8925,53937,4750000,0.899,6200,182087,825955
Iraq,103,1967,8980,70000,6395000,-0.763,8211,314921,860000
Iraq,103,1968,8985,85000,8257000,-0.208,5588,353500,1537000
Iraq,103,1969,8990,100000,10152000,0.262,1345,318000,1183000
Iraq,103,1970,8993,118610,12000000,0.682,2877,180200,1236000
Iraq,103,1971,8999,124000,13469000,-0.17,4836,306700,822300
Iraq,103,1972,9160,130000,15000000,-0.736,4141,268000,2625000
Iraq,103,1973,9170,139000,20139000,-0.237,2067,156620,957000
Iraq,103,1974,9280,147000,27317000,-0.273,991,69290,1339000
Iraq,103,1975,9285,154040,25000000,-0.192,599,60540,845400
Iraq,103,1976,9285,155000,35000000,-0.827,731,163360,1302400
Iraq,103,1977,9285,153950,45000000,0.289,626,199240,695700
Iraq,103,1978,9389,205000,43388000,0.099,398,172000,909800
Iraq,103,1979,9439,220000,74200000,1.179,1200,157800,684800
Iraq,103,1980,9439,270000,64500000,0.058,600,166900,975600
Iraq,103,1981,9439,300000,63600000,0.142,800,162200,902000
Iraq,103,1982,9450,700000,64700000,-0.513,200,163400,965100
Iraq,103,1983,9450,500000,54300000,-0.742,1400,110500,841000
Iraq,103,1984,9450,550000,109800000,0.178,2500,108700,470900
Iraq,103,1985,9465,650000,120000000,0.097,1600,148900,1405500
Iraq,103,1986,9480,700000,131490000,0.444,700,141200,1036000
Iraq,103,1987,9480,750000,148500000,0.317,2800,195900,722200
Iraq,103,1988,9530,760000,164600000,0.05,3700,140600,929200
Iraq,103,1989,9230,1050000,138425000,0.323,3000,231800,491400
Iraq,103,1990,9230,800000,130000000,0.218,1000,228800,1195800
Iraq,103,1991,9630,36000,95000000,0.317,1600,189103,1476400
Iraq,103,1992,9550,110000,130000000,-1.241,2116,180000,1006000
Iraq,103,1993,9870,105000,226000000,-0.634,2500,206000,1187000
Iraq,103,1994,9350,155000,238000000,0.976,2650,383000,1342000
Iraq,103,1995,9100,168000,225000000,0.196,2600,315000,1236000
Iraq,103,1996,9100,173000,240500000,0.7,4000,270000,1300000
Iraq,103,1997,8660,190000,242700000,0.145,4000,244000,1063000
Iraq,103,1998,8900,200000,251200000,1.292,4000,300000,1130000
Iraq,103,1999,8750,220000,254700000,1.61,4000,180000,800000
Iraq,103,2000,8300,230000,250500000,0.934,4000,60000,384000
Iraq,103,2001,8490,280000,502000000,1.075,4000,128000,903400
Iraq,103,2002,8840,320000,600000000,1.012,4000,250000,2589000
Iraq,103,2003,8690,240000,800000000,0.732,2000,90000,2329000
Iraq,103,2004,8690,300000,102714000,0.833,4000,250000,1832000
Iraq,103,2005,9390,370000,153880000,0.289,4000,309000,2228000
Iraq,103,2006,8990,400000,167020000,1.139,4000,363000,2086000
Iraq,103,2007,9140,450000,126420000,0.678,6471,393000,2202800
Iraq,103,2008,8190,275000,164120000,0.842,4470,248157,1255000
Iraq,103,2009,7850,270000,171846000,0.512,1954,173074,1700390
Iraq,103,2010,8220,340000,107980000,2.651,2266,155829,2748840
Iraq,103,2011,8550,380000,138340000,0.757,2661,235118,2808900
Iraq,103,2012,8568.5,380000,158685160.39,1.159,3368,361339,3062312
Iraq,103,2013,8863.75,511980,159794132.73,0.96,3394,451849,4178379
Iraq,103,2014,9269,379680,154964365.41,1.077,3259,403028,5055111
Iraq,103,2015,9300,448020,160897436.995,1.875,4734,109209,2645061
Japan,110,1961,7110,722131.88,633400000,0.62,71000,16160440,1781000
Japan,110,1962,7120,906686.88,659600000,0.091,56500,16927100,1631000
Japan,110,1963,7020,992462.5,687300000,-0.097,52500,16648830,715500
Japan,110,1964,7030,1210820,668000000,0.277,41700,16356100,1244000
Japan,110,1965,7004,1337160,690500000,-0.485,34200,16126060,1287000
Japan,110,1966,6896,1378100,745600000,0.054,28000,16564000,1024000
Japan,110,1967,6838,1589630,775900000,0.062,22100,18782000,996900
Japan,110,1968,6797,1763210,775200000,-0.468,20100,18779010,1012000
Japan,110,1969,6652,1997080,739800000,-0.018,14000,18200000,757900
Japan,110,1970,6696,2250450,688200000,-0.354,11000,16493000,473600
Japan,110,1971,6541,2368350,676000000,-0.312,10000,14148000,440300
Japan,110,1972,6484,2334900,733000000,0.259,4000,15450500,283900
Japan,110,1973,6447,2436890,821200000,0.352,5000,15778000,202300
Japan,110,1974,6415,2494970,690800000,-0.456,4000,15964000,231700
Japan,110,1975,6273,2421630,653000000,0.048,2500,17097010,240700
Japan,110,1976,6236,2406690,702000000,-0.487,900,15228000,222400
Japan,110,1977,6215,2552610,716000000,-0.132,1100,17006000,236400
Japan,110,1978,6194,2726368.75,723000000,0.264,1100,15736000,366700
Japan,110,1979,6174,2824880.62,777000000,0.489,1100,14948000,541300
Japan,110,1980,6061,2846599.38,614000000,-0.175,1240,12189000,582800
Japan,110,1981,6042,2862840,643000000,-0.617,957,12824000,587400
Japan,110,1982,6026,2991280,683000000,-0.017,833,12838000,741800
Japan,110,1983,6011,3072880,701000000,0.125,232,12958000,695300
Japan,110,1984,5996,3196050,697200000,-0.608,653,14848000,740500
Japan,110,1985,5879,3276920,680000000,0.14,558,14578000,874200
Japan,110,1986,5858,3365940,693000000,-0.67,145,14559000,875700
Japan,110,1987,5840,3429480,669000000,0.335,535,13284000,863700
Japan,110,1988,5817,3453710,640000000,-0.146,1735,12419000,1021000
Japan,110,1989,5729,3436180,641000000,0.581,1872,12934000,984500
Japan,110,1990,5693,3378570,612000000,1.126,1300,13124000,951500
Japan,110,1991,5654,3315260,576000000,0.699,600,12005000,759000
Japan,110,1992,5615,3346580,572000000,0.356,667,13216000,758700
Japan,110,1993,5574,3338140,600000000,0.031,700,9793000,637800
Japan,110,1994,5533,3236600,580400000,0.971,613,14976000,564800
Japan,110,1995,5443,3135360,527500000,0.451,566,13435000,443600
Japan,110,1996,5399,3087680,511700000,-0.075,494,12930000,478100
Japan,110,1997,5354,3073510,495200000,0.531,300,12531000,573100
Japan,110,1998,5310,3030220,476000000,1.2,300,11200000,569500
Japan,110,1999,5271,2962500,479500000,0.981,300,11468800,583100
Japan,110,2000,5258,2957920,487400000,0.692,386,11863000,688200
Japan,110,2001,4793,2924370,484000000,0.493,373,11320000,699900
Japan,110,2002,4763,2874040,531031000,0.7,359,11111000,827800
Japan,110,2003,4736,2839420,543757000,0.362,346,9740000,855900
Japan,110,2004,4714,2795000,561300000,1.196,334,10912000,860300
Japan,110,2005,4692,2652000,553543000,0.73,318,11342000,874700
Japan,110,2006,4671,2806420,528306000,0.408,305,10695000,837200
Japan,110,2007,4650,2885310,514482000,1.054,293,10893000,910100
Japan,110,2008,4628,2846510,468524000,0.696,281,11028750,881200
Japan,110,2009,4609,2853490,434730000,0.821,270,10592000,674200
Japan,110,2010,4593,2860000,449471000,0.951,259,10604000,571300
Japan,110,2011,4561,1785460,439801000,0.67,249,10500000,746300
Japan,110,2012,4549,1776070,372500000,0.501,250,10654000,857800
Japan,110,2013,4538,3064080,367000000,0.683,260,10758000,811700
Japan,110,2014,4518,3105530,395800000,0.635,216,10549000,852400
Japan,110,2015,4496,2997234.16,359100000,0.86,207,9986000,1004000
Kenya,114,1961,25200,80000,3000000,0.074,130000,14530,109400
Kenya,114,1962,25205,83000,3500000,-0.271,130000,15200,84200
Kenya,114,1963,25210,85000,7324000,-0.195,130000,13000,110400
Kenya,114,1964,25215,88000,10332000,-0.355,130000,13200,134700
Kenya,114,1965,25220,91000,13000000,-0.324,130000,14100,172200
Kenya,114,1966,25225,94000,11787000,0.191,136000,16600,128400
Kenya,114,1967,25230,97000,13000000,0.213,141000,15938,162200
Kenya,114,1968,25235,100000,10800000,-0.625,130000,18747,216300
Kenya,114,1969,25240,120800,16000000,0.267,120000,22700,241600
Kenya,114,1970,25245,118715,22000000,0.155,130000,28500,221486
Kenya,114,1971,25250,130000,18500000,-0.346,130000,30000,205743
Kenya,114,1972,25255,140000,18496000,0.273,135000,34943,164383
Kenya,114,1973,25260,150000,20370000,0.665,135000,36128,136284
Kenya,114,1974,25265,160000,19400000,-0.075,128202,33210,172332
Kenya,114,1975,25572,165300,21882000,0.001,127800,32113,158059
Kenya,114,1976,25578,163100,22417000,0.051,128000,40425,200274
Kenya,114,1977,25580,167400,25284000,0.39,129600,41415,178160
Kenya,114,1978,25580,171000,25416000,0.203,130000,42526,175121
Kenya,114,1979,25580,167600,20100000,0.229,110000,37466,207268
Kenya,114,1980,25580,164000,26700000,0.664,90000,38415,215674
Kenya,114,1981,25580,172500,37000000,0.344,52480,37207,214400
Kenya,114,1982,25580,180000,27700000,0.436,29800,41207,247500
Kenya,114,1983,25580,196610,30000000,0.857,29800,44554,253000
Kenya,114,1984,25505,153720,34700000,0.264,10000,50462,144590
Kenya,114,1985,26354,200000,48500000,0.104,60480,38709,250735
Kenya,114,1986,26373,210000,46200000,0.397,41217,45662,258840
Kenya,114,1987,26435,220000,47798000,0.892,66000,45000,233645
Kenya,114,1988,26662,230000,57600000,0.891,71700,50000,244525
Kenya,114,1989,27053,240000,49300000,0.199,71168,56680,243000
Kenya,114,1990,26770,252280,49100000,0.336,62786,41088,249411
Kenya,114,1991,26877,248460,52400000,0.295,52063,50500,264457
Kenya,114,1992,27072,258700,47800000,0.436,48746,44203,297000
Kenya,114,1993,26840,208230,42100000,0.121,58036,47000,212776
Kenya,114,1994,27232,226320,50800000,0.362,69480,47000,297000
Kenya,114,1995,27218,272960,33000000,0.343,54142,44000,312644
Kenya,114,1996,26451,283320,63000000,0.412,23159,50620,315000
Kenya,114,1997,26594,292960,51000000,0.272,38619,41075,252000
Kenya,114,1998,26458,297180,53000000,0.39,34020,41829,270810
Kenya,114,1999,26876,264460,54200000,0.704,59172,52711,211788
Kenya,114,2000,26671,262910,69911000,0.572,44623,52349,204232
Kenya,114,2001,26839,270310,80014000,0.343,44623,45000,256997
Kenya,114,2002,26818,278710,62724000,0.771,72197,45000,307215
Kenya,114,2003,26874,282830,68061000,0.872,63622,40502,378665
Kenya,114,2004,26992,259060,64724000,0.402,50467,49295,379425
Kenya,114,2005,27002,268570,72514000,0.105,53101,62677,368879
Kenya,114,2006,27054,277720,77667000,0.881,79207,64840,329193
Kenya,114,2007,27070,306250,79441000,0.342,119599,47256,322320
Kenya,114,2008,27085,329870,73071000,0.457,38462,21881,336688
Kenya,114,2009,27285,318280,67372000,1.288,54000,42202,219301
Kenya,114,2010,27320,303980,70788000,0.926,53881,85536,511994
Kenya,114,2011,27630,309660,111969000,0.774,73396,111229,268482
Kenya,114,2012,27730,345830,91571290.1,0.685,138204,138204,441944
Kenya,114,2013,27630,398720,128865665.765,0.696,138829,125256,449641
Kenya,114,2014,27630,424130,228927535.135,0.991,126000,112263,228900
Kenya,114,2015,27630,414724.37,132993446.705,0.998,99000,116473,238600
Republic of Korea,117,1961,2113,112180,216860000,0.674,68780,4679000,172000
Republic of Korea,117,1962,2081,130470,200000000,-0.085,69638,4074000,164000
Republic of Korea,117,1963,2100,119070,199297000,-0.503,74975,5079000,139000
Republic of Korea,117,1964,2191,102820,173234000,0.595,76260,5344000,190000
Republic of Korea,117,1965,2278,140080,201163000,-0.212,62550,4867000,184000
Republic of Korea,117,1966,2315,170790,239691000,0.05,58838,5448000,193000
Republic of Korea,117,1967,2336,259680,277556000,0.119,42420,5008000,191000
Republic of Korea,117,1968,2343,226510,285919000,-0.742,78846,4442000,211345
Republic of Korea,117,1969,2337,234770,320123000,-0.268,61367,5688000,224023
Republic of Korea,117,1970,2324,259030,355550000,-0.504,44665,5476000,218633
Republic of Korea,117,1971,2299,245370,347200000,-0.191,35051,5557000,196465
Republic of Korea,117,1972,2270,230710,372585000,-0.052,31504,5496000,148997
Republic of Korea,117,1973,2271,188140,411236000,0.516,30989,5850000,99746
Republic of Korea,117,1974,2268,239390,447377000,-0.811,29994,6174000,74198
Republic of Korea,117,1975,2272,263250,467678000,0.53,28130,6485000,96933
Republic of Korea,117,1976,2270,302240,361289000,-0.528,22569,7249000,81621
Republic of Korea,117,1977,2267,342000,387890000,0.032,17114,8348000,44661
Republic of Korea,117,1978,2263,407530,461610000,0.728,6663,8532000,35705
Republic of Korea,117,1979,2252,411210,443900000,0.556,3472,7880937,41980
Republic of Korea,117,1980,2247,401300,447224000,-0.501,3606,5311406,91957
Republic of Korea,117,1981,2245,429990,431838000,-0.779,4737,7148703,57128
Republic of Korea,117,1982,2243,465920,308600000,0.385,5380,7307855,65812
Republic of Korea,117,1983,2236,472390,367400000,0.406,1558,7607540,111637
Republic of Korea,117,1984,2229,464830,401800000,-0.321,2465,7970330,17237
Republic of Korea,117,1985,2220,510810,426100000,0.252,4667,7855262,10517
Republic of Korea,117,1986,2217,560950,435400000,-0.811,3270,7871368,4545
Republic of Korea,117,1987,2219,593240,448900000,0.341,2575,7595760,3734
Republic of Korea,117,1988,2214,584670,460100000,0.184,2421,8260162,2473
Republic of Korea,117,1989,2197,616890,505744000,0.7,3152,8099953,1121
Republic of Korea,117,1990,2179,744630,505400000,1.15,3910,7721968,889
Republic of Korea,117,1991,2161,748550,473500000,0.222,2252,7292534,551
Republic of Korea,117,1992,2136,733240,486600000,0.568,1721,7256894,552
Republic of Korea,117,1993,2118,729460,477300000,0.024,2150,6403875,1483
Republic of Korea,117,1994,2096,805690,475000000,1.342,2352,6826167,2156
Republic of Korea,117,1995,2048,858000,478029000,0.538,1628,6388773,10262
Republic of Korea,117,1996,2008,828290,455907000,0.083,1091,7122866,10923
Republic of Korea,117,1997,1983,882510,507000000,0.869,1295,7314885,7433
Republic of Korea,117,1998,1969,858480,451000000,1.624,2996,6790125,4781
Republic of Korea,117,1999,1954,945870,428298000,1.155,1644,7065900,5626
Republic of Korea,117,2000,1973,1025470,411517000,0.616,1771,7196582,2339
Republic of Korea,117,2001,1945,1023930,374555000,1.052,1851,7406517,2841
Republic of Korea,117,2002,1919,1016930,363412000,0.816,1755,6687225,5834
Republic of Korea,117,2003,1902,990190,335863000,0.775,1961,6151202,10011
Republic of Korea,117,2004,1893,1067360,385933000,1.319,2644,6736925,12623
Republic of Korea,117,2005,1881,1096280,417303000,0.887,2268,6434972,7678
Republic of Korea,117,2006,1858,1191810,304404000,0.6,2326,6305492,5810
Republic of Korea,117,2007,1840,1193650,347381000,1.278,1356,5961493,7351
Republic of Korea,117,2008,1817,1197840,286512000,1.049,1249,6468281,10359
Republic of Korea,117,2009,1795,1387680,225751000,1.055,1360,6502249,18782
Republic of Korea,117,2010,1773,1492000,213321000,0.653,1607,5810817,39116
Republic of Korea,117,2011,1756.1,1495110,220061000,0.416,1666,5615916,43677
Republic of Korea,117,2012,1788,1468360,302709440,0.59,1683,5405155,37014
Republic of Korea,117,2013,1768.7,1513370,238257800,0.652,1666,5631689,19061
Republic of Korea,117,2014,1748.3,1564100,238257800,1.234,1649,5637682,23409
Republic of Korea,117,2015,1736,1641300,238257800,1.036,1632,5771026,26433
Russian Federation,185,1992,221631,6301518.07,2622000000,0.395,1535140,753630,46166670
Russian Federation,185,1993,218795,6301518.07,2051000000,0.969,1127780,687523,43546550
Russian Federation,185,1994,217711,5481336.31,900000000,0.512,481534,523232,32128210
Russian Federation,185,1995,216400,4830576.78,1000000000,2.096,487890,461920,30118470
Russian Federation,185,1996,216111,4154581.24,984000000,0.814,441000,388976,34831232
Russian Federation,185,1997,217989,3664812.42,950000000,1.32,1216462,328072,44235132
Russian Federation,185,1998,217287,3547016.82,831000000,0.145,450956,412166,26994700
Russian Federation,185,1999,216790,3501678.55,959000000,0.548,924918,443394,30996953
Russian Federation,185,2000,217162,3403336.65,960000000,1.33,1124260,584312,34460052
Russian Federation,185,2001,216861,3304270,1090500000,0.816,550278,495536,46996294
Russian Federation,185,2002,216651,3353560,654204000,1.704,293387,488133,50622106
Russian Federation,185,2003,216277,3370270,846330000,0.988,974283,448116,34069788
Russian Federation,185,2004,215980,3326620,838270000,1.601,1113488,469802,45433661
Russian Federation,185,2005,215680,3329535.39,863240000,1.581,455144,570816,47614681
Russian Federation,185,2006,215488,3479000.93,914660000,0.387,598835,680610,44926880
Russian Federation,185,2007,215463,3408344.28,1043750000,2.461,417371,704544,49367973
Russian Federation,185,2008,215494,3510580,1209760000,2.118,711010,738300,63765140
Russian Federation,185,2009,215349,3662820,1237290000,1.042,264705,912969,61739751
Russian Federation,185,2010,216601,3905340,1192680000,0.766,133607,1060658,41507581
Russian Federation,185,2011,216299,4060070,1262820000,1.522,878341,1055574,56239994
Russian Federation,185,2012,216249,4277770,1179790000,1.669,333574,1051891,37719640
Russian Federation,185,2013,216249,4467890,1166600000,1.107,418844,934943,52090797
Russian Federation,185,2014,216249,4483710,1194490000,1.752,492829,1048566,59711382
Russian Federation,185,2015,216249,4752420,1263420000,2.189,572170,1109762,61785799
South Africa,202,1961,101335,185000,54476000,0.265,18000,2540,871000
South Africa,202,1962,100135,190000,70686000,0.231,14000,2177,705000
South Africa,202,1963,98995,195000,85000000,0.149,11000,1814,880000
South Africa,202,1964,97750,200000,93100000,-0.059,10000,1900,1060000
South Africa,202,1965,96610,205000,98500000,-0.021,12000,2000,656000
South Africa,202,1966,96445,210000,97900000,0.261,12000,2000,548000
South Africa,202,1967,96180,215000,131000000,-0.064,12000,2000,1077000
South Africa,202,1968,95990,220000,143900000,-0.348,15000,2000,1247000
South Africa,202,1969,95790,220000,150000000,0.333,15000,2000,1316000
South Africa,202,1970,95590,225000,180600000,0.347,15000,2000,1396000
South Africa,202,1971,95390,260000,208400000,-0.149,15000,2000,1670000
South Africa,202,1972,95195,290000,253000000,0.163,15000,3000,1746000
South Africa,202,1973,94990,335000,231100000,0.337,15000,3000,1871000
South Africa,202,1974,94805,246000,230153000,-0.311,15000,3000,1596000
South Africa,202,1975,94585,250000,285316000,-0.2,15000,3000,1792000
South Africa,202,1976,94382,260000,315941000,-0.552,15000,3000,2248000
South Africa,202,1977,94320,270000,343002000,0.088,15000,3000,1879000
South Africa,202,1978,94280,280000,378901000,-0.044,15000,3000,1692000
South Africa,202,1979,94210,290000,400287000,0.241,15000,3000,2087000
South Africa,202,1980,94160,300000,466385000,0.161,15000,3000,1472000
South Africa,202,1981,94100,310000,528569000,-0.368,15000,3000,2356000
South Africa,202,1982,94033,315000,475900000,0.14,15000,3000,2444000
South Africa,202,1983,94033,320000,367900000,0.639,15000,3000,1784000
South Africa,202,1984,94033,340000,409100000,0.488,15000,3000,2346000
South Africa,202,1985,94033,360000,379000000,0.581,15000,3000,1693000
South Africa,202,1986,94400,380000,372900000,0.361,15000,3000,2333000
South Africa,202,1987,94650,400000,328200000,0.641,15000,3000,3154000
South Africa,202,1988,94900,420000,380874000,0.302,15000,3000,3620000
South Africa,202,1989,95300,440000,375231000,-0.032,15000,3000,2010000
South Africa,202,1990,95600,870000,377600000,0.288,11301,2260,1709000
South Africa,202,1991,96005,880000,358100000,0.351,11668,3050,2142000
South Africa,202,1992,96473,880000,363000000,0.757,10000,3051,1324000
South Africa,202,1993,96936,920000,411603000,0.814,13000,3052,1983770
South Africa,202,1994,97265,950000,375100000,0.14,11784,3054,1840380
South Africa,202,1995,97520,1000000,386000000,0.582,11595,3055,1977254
South Africa,202,1996,97890,1100000,405000000,-0.165,11652,3056,2711991
South Africa,202,1997,97945,1150000,405000000,0.168,11690,3058,2428840
South Africa,202,1998,97988,1130000,406000000,0.718,12000,3029,1892080
South Africa,202,1999,98058,1190000,413000000,1.077,11000,2900,1733030
South Africa,202,2000,98125,1260000,415900000,0.269,12000,3000,2428100
South Africa,202,2001,98013,1380000,393000000,0.515,10783,3200,2503950
South Africa,202,2002,98028,1480000,477072000,0.324,10523,3000,2437745
South Africa,202,2003,97928,1440000,420827000,0.613,10269,3200,1546840
South Africa,202,2004,97608,1450000,427571000,0.747,10137,3123,1687000
South Africa,202,2005,97483,1210000,347260000,0.945,9452,3119,1905000
South Africa,202,2006,96888,1258400,428719000,0.285,9113,3118,2105000
South Africa,202,2007,96890,1410000,439480000,0.695,8706,3300,1905000
South Africa,202,2008,97108,1700000,424123000,0.574,8322,3000,2130000
South Africa,202,2009,96988,1850000,453777000,0.677,7981,3067,1958000
South Africa,202,2010,96891,1970000,395000000,0.892,7646,3064,1430000
South Africa,202,2011,96374,2000000,419000000,0.358,7000,3067,2005000
South Africa,202,2012,96341,2000000,430000000,0.319,6500,3000,1915000
South Africa,202,2013,96341,1616000,416500000,0.37,6700,3000,1870000
South Africa,202,2014,96341,1607000,447547000,0.563,6348,3056,1750000
South Africa,202,2015,96341,1620000,402792000,0.837,6065,3065,1440000
Spain,203,1961,33230,342100,327178000,0.747,7050,393500,3438000
Spain,203,1962,33232,362480,345497000,0.366,6964,392400,4819545
Spain,203,1963,33137,418220,333031000,-0.21,15844,398600,4865360
Spain,203,1964,32753,409733.4,364054000,0.454,6700,398060,3981000
Spain,203,1965,32694,373680,384720000,-0.221,4524,349634,4719000
Spain,203,1966,32156,415500,473600000,0.346,4300,375400,4881000
Spain,203,1967,32382,444072.3,477800000,0.108,4567,365878,5654000
Spain,203,1968,32159,476622.19,568200000,0.088,3844,362134,5315000
Spain,203,1969,32527,488921.41,606700000,-0.248,3400,410500,4626000
Spain,203,1970,32119,451965.59,578000000,0.187,3100,381642,4062000
Spain,203,1971,32684,710000,667000000,-0.647,600,360900,5449700
Spain,203,1972,32568,810000,689318000,-0.737,600,345800,4562500
Spain,203,1973,32280,920000,728457000,-0.104,700,386500,3967300
Spain,203,1974,32078,930000,713755000,-0.421,1100,366900,4534600
Spain,203,1975,31921,970000,722154000,-0.104,2700,378700,4302900
Spain,203,1976,31516,1070000,830384000,-0.392,2400,406200,4436200
Spain,203,1977,31590,1140000,788072000,-0.241,900,379200,4064100
Spain,203,1978,31478,1080000,870600000,0.027,942,401244,4806100
Spain,203,1979,31355,1060000,908163000,0.209,1451,427000,4082300
Spain,203,1980,31238,1070000,901889000,0.115,1439,433200,6039500
Spain,203,1981,31206,1220000,818318000,0.245,820,444000,3408500
Spain,203,1982,31191,1170000,798892000,0.62,582,401900,4410300
Spain,203,1983,30791,1120000,808460000,0.538,469,224000,4267900
Spain,203,1984,30628,1080000,916842000,-0.227,684,440400,6052300
Spain,203,1985,30712,1100000,961600000,0.387,1266,462253,5328688
Spain,203,1986,30610,1020000,1062500000,0.2,1651,496318,4392000
Spain,203,1987,30601,1060000,1147800000,0.646,2785,483269,5791000
Spain,203,1988,30578,1110000,1168409000,0.707,1500,506600,6514100
Spain,203,1989,30701,1110000,1109395000,0.962,1006,341700,5468200
Spain,203,1990,30472,1090000,1063114000,1.389,745,571330,4773500
Spain,203,1991,30371,1140000,998705000,0.115,904,581836,5467700
Spain,203,1992,30279,1150000,817621000,0.124,971,552600,4357506
Spain,203,1993,30033,1120000,929300000,-0.187,202,323093,4972971
Spain,203,1994,30183,1160000,982500000,0.829,1358,407600,4302340
Spain,203,1995,29719,1220000,912800000,1.257,1625,329500,3138700
Spain,203,1996,30139,1260000,1153100000,0.493,340,734000,6040500
Spain,203,1997,30059,1260000,1041900000,1.279,397,775588,4676290
Spain,203,1998,29958,1270000,1199000000,1.015,400,796300,5436300
Spain,203,1999,29778,1270000,1181000000,0.59,400,845100,5083800
Spain,203,2000,29766,1280000,1113700000,0.598,972,827051,7293623
Spain,203,2001,29520,1280000,1110700000,1.166,816,876148,5007698
Spain,203,2002,29419,1280000,1026546000,0.568,3011,818920,6822160
Spain,203,2003,29153,1280000,1198606000,1.349,3011,855000,6290100
Spain,203,2004,29071,1290000,1072948000,0.695,762,883131,7096724
Spain,203,2005,29164,1300000,923764000,0.522,696,824114,4026694
Spain,203,2006,28613,1350000,969783000,1.216,604,724351,5521582
Spain,203,2007,28004,1370000,985857000,0.553,517,723426,6436359
Spain,203,2008,28142,1380000,739757000,0.526,550,665200,6714300
Spain,203,2009,27970,1380000,781069000,0.969,1248,913754,4804772
Spain,203,2010,27545,1380000,941100000,0.513,1070,927817,5941197
Spain,203,2011,27014,1380000,846700000,1.126,688,927554,6876657
Spain,203,2012,26942,1380000,843410000,0.605,646,899602,5189828
Spain,203,2013,26733.2,1380000,961507000,0.54,625,872500,7744900
Spain,203,2014,26578,1380000,1101895000,1.247,713,861103,6471400
Spain,203,2015,26576.5,1382343.83,1065316000,0.906,600,847026,6362694
Syrian Arab Republic,212,1961,14941,28595.3,9520000,-0.06,37772,500,757000
Syrian Arab Republic,212,1962,14970,33558,8480000,1.036,56491,1091,1374175
Syrian Arab Republic,212,1963,15041,38670.7,10000000,0.457,49486,1138,1189585
Syrian Arab Republic,212,1964,14854,37356.8,12098000,-0.753,44500,1200,1100000
Syrian Arab Republic,212,1965,14299,46748.1,12851000,-0.265,44000,2100,1044000
Syrian Arab Republic,212,1966,13630,40900,12274000,0.855,15100,2130,559000
Syrian Arab Republic,212,1967,13630,45995.5,16912000,-1.032,39400,2115,1049000
Syrian Arab Republic,212,1968,13421,42467.7,22760000,-0.226,37377,7612,600000
Syrian Arab Republic,212,1969,13445,35856.3,20150000,0.123,20534,2426,1003517
Syrian Arab Republic,212,1970,13459,36686.7,26100000,0.668,13515,1192,624562
Syrian Arab Republic,212,1971,13458,47849.3,34900000,-0.183,19430,445,846276
Syrian Arab Republic,212,1972,14161,51623.9,32876000,-0.931,26502,414,1808000
Syrian Arab Republic,212,1973,14478,46137,33255000,-0.419,12535,20,593462
Syrian Arab Republic,212,1974,14517,54006.2,37671000,-0.178,14203,2397,1629896
Syrian Arab Republic,212,1975,14107,85716.4,48198000,-0.184,14480,5218,1550061
Syrian Arab Republic,212,1976,14213,58973.6,51939000,-0.889,15582,1147,1790109
Syrian Arab Republic,212,1977,14040,66450.6,62135000,0.121,23677,150,1217214
Syrian Arab Republic,212,1978,14009,126126.1,65760000,0.138,17288,100,1650696
Syrian Arab Republic,212,1979,13960,160962.1,79190000,0.908,11489,100,1319959
Syrian Arab Republic,212,1980,14062,138490,79781000,-0.225,18787,90,2225800
Syrian Arab Republic,212,1981,14115,139650,83102000,0.13,16697,100,2086953
Syrian Arab Republic,212,1982,14113,154050,95924000,-0.526,13061,100,1556441
Syrian Arab Republic,212,1983,13991,146160,119046000,-0.828,11333,100,1611988
Syrian Arab Republic,212,1984,13973,151860,118867000,0.083,10365,100,1067600
Syrian Arab Republic,212,1985,13951,129690,136150000,-0.016,7434,100,1713866
Syrian Arab Republic,212,1986,13920,139280,143624000,0.448,6200,100,1969000
Syrian Arab Republic,212,1987,13907,122980,158400000,-0.088,9427,100,1656350
Syrian Arab Republic,212,1988,13733,143170,160604000,-0.149,1000,100,2067138
Syrian Arab Republic,212,1989,13492,136340,153565000,0.412,900,100,1020000
Syrian Arab Republic,212,1990,13495,147940,184809000,0.177,800,117,2070000
Syrian Arab Republic,212,1991,13512,147860,158700000,0.496,706,126,2140000
Syrian Arab Republic,212,1992,13613,175130,161600000,-1.22,600,141,3046000
Syrian Arab Republic,212,1993,13642,171030,193400000,-0.587,815,152,3626491
Syrian Arab Republic,212,1994,13786,184820,217095000,1.249,887,173,3702985
Syrian Arab Republic,212,1995,13789,187530,236295000,0.161,952,175,4184144
Syrian Arab Republic,212,1996,13790,198120,227400000,0.509,500,100,4080357
Syrian Arab Republic,212,1997,13804,199250,236815000,-0.013,1131,100,3031090
Syrian Arab Republic,212,1998,13754,204220,218393000,1.259,1306,100,4111625
Syrian Arab Republic,212,1999,13767,210090,250458000,1.379,1000,100,2691504
Syrian Arab Republic,212,2000,13711,216290,236000000,0.786,2400,100,3105489
Syrian Arab Republic,212,2001,13723,212200,194762000,1.159,2700,100,4744623
Syrian Arab Republic,212,2002,13759,286340,221594000,0.855,2800,100,4775440
Syrian Arab Republic,212,2003,13813,287000,241249000,0.598,4300,100,4912993
Syrian Arab Republic,212,2004,13905,288610,226386000,0.787,3200,100,4537459
Syrian Arab Republic,212,2005,13828,237950,266418000,0.289,3900,100,4668750
Syrian Arab Republic,212,2006,13877,309460,275613000,1.02,4500,100,4932000
Syrian Arab Republic,212,2007,13897,260960,263117000,0.804,4100,100,4041100
Syrian Arab Republic,212,2008,13898,231430,270207000,1.038,1500,100,2139300
Syrian Arab Republic,212,2009,13908,244900,210362000,0.688,4000,100,3701784
Syrian Arab Republic,212,2010,13908,254010,119175000,2.614,2400,100,3083100
Syrian Arab Republic,212,2011,13915,262030,132969000,0.682,3252,100,3858331
Syrian Arab Republic,212,2012,13921,250240,111714111.83,1.08,3567,100,3609096
Syrian Arab Republic,212,2013,13921,191870,61850233.55,1.098,3383,100,3182111
Syrian Arab Republic,212,2014,13921,166010,25265081.37,1.023,3479,100,2024332
Syrian Arab Republic,212,2015,13921,168975.71,22430328.64,1.61,3500,100,2542493
United States of America,231,1961,447509,7510000,3057179000,0,112000,2458000,33539008
United States of America,231,1962,443991,7820000,3564390000,-0.11,116000,2996000,29718000
United States of America,231,1963,441443,7800000,3948781000,-0.022,119000,3187000,31211888
United States of America,231,1964,439012,7920000,4207989000,0.418,119000,3319000,34928000
United States of America,231,1965,435873,8335000,4831916000,-0.284,126000,3460000,35805008
United States of America,231,1966,435550,8513000,5467654000,-0.364,130000,3856422,35513856
United States of America,231,1967,435307,8817000,6157543000,-0.235,140000,4054142,41030784
United States of America,231,1968,435795,8874000,6311796000,0.06,169969,4723777,42365376
United States of America,231,1969,435447,9127000,6766843000,-0.1,155000,4168674,39263952
United States of America,231,1970,434400,9209000,7362943000,-0.267,150000,3801311,36784000
United States of America,231,1971,433300,9250000,7263853000,-0.032,130000,3890351,44052800
United States of America,231,1972,432300,9350000,7511749000,-0.42,130000,3875428,42081632
United States of America,231,1973,431200,9070000,8296928000,-0.261,120000,4207728,46560784
United States of America,231,1974,430158,9090000,7808770000,-0.011,100000,5097717,48496688
United States of America,231,1975,430158,8868000,9445181000,0.097,95000,5825774,57886448
United States of America,231,1976,430158,9260000,9659111000,-0.374,85000,5245678,58481200
United States of America,231,1977,430331,9540000,9039703000,-0.131,88000,4500680,55671056
United States of America,231,1978,428163,10010000,9720179000,0.409,72564,6040490,48322656
United States of America,231,1979,428163,10600000,10347914000,0.034,91000,5985020,58080576
United States of America,231,1980,428163,10530000,10817039000,-0.321,120000,6629250,64799504
United States of America,231,1981,428163,10780000,9963610000,0.416,110000,8289040,75806304
United States of America,231,1982,431399,10720000,8279828000,0.895,109455,6968900,75251296
United States of America,231,1983,431399,10640000,10062595000,-0.321,130000,4523200,65857904
United States of America,231,1984,431399,10890000,10425815000,0.574,160000,6296300,70618000
United States of America,231,1985,431399,11150000,9456852000,-0.223,140000,6122000,65975008
United States of America,231,1986,431399,11450000,9261875000,-0.015,180000,6049000,56897008
United States of America,231,1987,426948,12140000,9535912000,0.587,178151,5879000,57361808
United States of America,231,1988,426948,12320000,9609428000,0.931,160000,7253000,49320000
United States of America,231,1989,426948,12780000,10047935000,0.502,170000,7007400,55428000
United States of America,231,1990,426948,13320000,10239255000,0.327,180000,7080000,74294000
United States of America,231,1991,426948,13890000,10383900000,0.72,229461,7228770,53890000
United States of America,231,1992,425429,14400000,10303600000,0.579,231467,8149150,67136000
United States of America,231,1993,422948,14980000,11469000000,0.447,233302,7081030,65222000
United States of America,231,1994,421139,15580000,10630800000,0.01,234874,8971110,63168000
United States of America,231,1995,420139,16110000,11161400000,0.54,190000,7886660,59404000
United States of America,231,1996,416306,16610000,11205578000,0.689,237333,7783600,61982000
United States of America,231,1997,414885,17060000,11169744000,0.041,239151,8300380,67536000
United States of America,231,1998,414588,17260000,11281509000,0.427,200000,8366190,69327000
United States of America,231,1999,413887,17850000,11165313000,1.284,406190,9345230,62567284
United States of America,231,2000,414399,18600000,10464065000,0.792,166010,8657810,60639376
United States of America,231,2001,414944,19000000,10894771000,1.011,440100,9764480,52999932
United States of America,231,2002,413064,19400000,10945100000,0.769,83190,9568990,43703968
United States of America,231,2003,413022.3,19200000,11536600000,0.935,259680,9067180,63803256
United States of America,231,2004,412980.9,19650000,11398600000,1.024,341670,10539760,58697040
United States of America,231,2005,412939.6,19900000,11013700000,0.909,310030,10107540,57241992
United States of America,231,2006,412898.8,19950000,11625400000,1.183,231220,8826230,49216040
United States of America,231,2007,412857.6,20050000,11585100000,1.091,383290,8998730,55820360
United States of America,231,2008,412027.4,20150000,11084292000,1.147,337470,9241170,68016096
United States of America,231,2009,411197.2,19260000,10625115000,0.275,201280,9972230,60365728
United States of America,231,2010,410367,19560000,11056708000,0.413,261610,11027010,60062408
United States of America,231,2011,409536.8,19320000,12045967000,0.679,207500,8388780,54418808
United States of America,231,2012,408706.4,19296000,12217094000,0.593,69740,9069080,61677384
United States of America,231,2013,408075.6,19459000,12175942000,1.471,418120,8616120,58104610
United States of America,231,2014,407444.8,19829000,12056035000,0.621,305790,10079500,55147120
United States of America,231,2015,406813.9,20002832.24,11996085000,0.469,321120,8724530,55839540
