Area,Area Code,Year,Value
Afghanistan,2,1950,7752.118
Afghanistan,2,1951,7839.51
Afghanistan,2,1952,7934.98
Afghanistan,2,1953,8038.596
Afghanistan,2,1954,8150.447
Afghanistan,2,1955,8270.581
Afghanistan,2,1956,8399.03
Afghanistan,2,1957,8535.807
Afghanistan,2,1958,8680.946
Afghanistan,2,1959,8834.445
Afghanistan,2,1960,8996.351
Afghanistan,2,1961,9166.764
Afghanistan,2,1962,9345.868
Afghanistan,2,1963,9533.954
Afghanistan,2,1964,9731.361
Afghanistan,2,1965,9938.414
Afghanistan,2,1966,10152.331
Afghanistan,2,1967,10372.63
Afghanistan,2,1968,10604.346
Afghanistan,2,1969,10854.428
Afghanistan,2,1970,11126.123
Afghanistan,2,1971,11417.825
Afghanistan,2,1972,11721.94
Afghanistan,2,1973,12027.822
Afghanistan,2,1974,12321.541
Afghanistan,2,1975,12590.286
Afghanistan,2,1976,12840.299
Afghanistan,2,1977,13067.538
Afghanistan,2,1978,13237.734
Afghanistan,2,1979,13306.695
Afghanistan,2,1980,13248.37
Afghanistan,2,1981,13053.954
Afghanistan,2,1982,12749.645
Afghanistan,2,1983,12389.269
Afghanistan,2,1984,12047.115
Afghanistan,2,1985,11783.05
Afghanistan,2,1986,11601.041
Afghanistan,2,1987,11502.761
Afghanistan,2,1988,11540.888
Afghanistan,2,1989,11777.609
Afghanistan,2,1990,12249.114
Afghanistan,2,1991,12993.657
Afghanistan,2,1992,13981.231
Afghanistan,2,1993,15095.099
Afghanistan,2,1994,16172.719
Afghanistan,2,1995,17099.541
Afghanistan,2,1996,17822.884
Afghanistan,2,1997,18381.605
Afghanistan,2,1998,18863.999
Afghanistan,2,1999,19403.676
Afghanistan,2,2000,20093.756
Afghanistan,2,2001,20966.463
Afghanistan,2,2002,21979.923
Afghanistan,2,2003,23064.851
Afghanistan,2,2004,24118.979
Afghanistan,2,2005,25070.798
Afghanistan,2,2006,25893.45
Afghanistan,2,2007,26616.792
Afghanistan,2,2008,27294.031
Afghanistan,2,2009,28004.331
Afghanistan,2,2010,28803.167
Afghanistan,2,2011,29708.599
Afghanistan,2,2012,30696.958
Afghanistan,2,2013,31731.688
Afghanistan,2,2014,32758.02
Afghanistan,2,2015,33736.494
Afghanistan,2,2016,34656.032
Afghanistan,2,2017,35530.081
Afghanistan,2,2018,36373.176
Australia,10,1950,8177.342
Australia,10,1951,8412.604
Australia,10,1952,8620.97
Australia,10,1953,8816.902
Australia,10,1954,9011.19
Australia,10,1955,9210.908
Australia,10,1956,9419.268
Australia,10,1957,9635.828
Australia,10,1958,9856.949
Australia,10,1959,10076.741
Australia,10,1960,10289.707
Australia,10,1961,10493.555
Australia,10,1962,10691.689
Australia,10,1963,10894.27
Australia,10,1964,11115.211
Australia,10,1965,11363.313
Australia,10,1966,11643.451
Australia,10,1967,11949.357
Australia,10,1968,12265.087
Australia,10,1969,12568.3
Australia,10,1970,12842.907
Australia,10,1971,13084.157
Australia,10,1972,13296.872
Australia,10,1973,13486.438
Australia,10,1974,13662.048
Australia,10,1975,13831.206
Australia,10,1976,13994.623
Australia,10,1977,14152.065
Australia,10,1978,14309.298
Australia,10,1979,14473.242
Australia,10,1980,14649.114
Australia,10,1981,14838.494
Australia,10,1982,15041.065
Australia,10,1983,15257.358
Australia,10,1984,15487.214
Australia,10,1985,15729.643
Australia,10,1986,15986.164
Australia,10,1987,16254.935
Australia,10,1988,16527.43
Australia,10,1989,16792.294
Australia,10,1990,17041.431
Australia,10,1991,17271.874
Australia,10,1992,17485.948
Australia,10,1993,17687.479
Australia,10,1994,17882.737
Australia,10,1995,18076.743
Australia,10,1996,18271.685
Australia,10,1997,18467.588
Australia,10,1998,18665.045
Australia,10,1999,18864.112
Australia,10,2000,19065.837
Australia,10,2001,19268.533
Australia,10,2002,19475.191
Australia,10,2003,19696.972
Australia,10,2004,19948.429
Australia,10,2005,20238.903
Australia,10,2006,20573.606
Australia,10,2007,20946.664
Australia,10,2008,21342.493
Australia,10,2009,21739.04
Australia,10,2010,22120.064
Australia,10,2011,22479.799
Australia,10,2012,22821.849
Australia,10,2013,23150.729
Australia,10,2014,23474.668
Australia,10,2015,23799.556
Australia,10,2016,24125.848
Australia,10,2017,24450.561
Australia,10,2018,24772.247
Brazil,21,1950,53974.729
Brazil,21,1951,55619.224
Brazil,21,1952,57307.476
Brazil,21,1953,59030.858
Brazil,21,1954,60784.892
Brazil,21,1955,62569.196
Brazil,21,1956,64387.823
Brazil,21,1957,66248.946
Brazil,21,1958,68164.042
Brazil,21,1959,70146.513
Brazil,21,1960,72207.554
Brazil,21,1961,74351.763
Brazil,21,1962,76573.248
Brazil,21,1963,78854.019
Brazil,21,1964,81168.654
Brazil,21,1965,83498.02
Brazil,21,1966,85837.799
Brazil,21,1967,88191.378
Brazil,21,1968,90557.064
Brazil,21,1969,92935.072
Brazil,21,1970,95326.793
Brazil,21,1971,97728.961
Brazil,21,1972,100143.598
Brazil,21,1973,102584.278
Brazil,21,1974,105069.367
Brazil,21,1975,107612.1
Brazil,21,1976,110213.082
Brazil,21,1977,112867.867
Brazil,21,1978,115577.669
Brazil,21,1979,118342.626
Brazil,21,1980,121159.761
Brazil,21,1981,124030.908
Brazil,21,1982,126947.365
Brazil,21,1983,129882.321
Brazil,21,1984,132800.684
Brazil,21,1985,135676.281
Brazil,21,1986,138499.464
Brazil,21,1987,141273.488
Brazil,21,1988,144001.542
Brazil,21,1989,146691.981
Brazil,21,1990,149352.145
Brazil,21,1991,151976.577
Brazil,21,1992,154564.278
Brazil,21,1993,157132.682
Brazil,21,1994,159705.123
Brazil,21,1995,162296.612
Brazil,21,1996,164913.306
Brazil,21,1997,167545.164
Brazil,21,1998,170170.64
Brazil,21,1999,172759.243
Brazil,21,2000,175287.587
Brazil,21,2001,177750.67
Brazil,21,2002,180151.021
Brazil,21,2003,182482.149
Brazil,21,2004,184738.458
Brazil,21,2005,186917.361
Brazil,21,2006,189012.412
Brazil,21,2007,191026.637
Brazil,21,2008,192979.029
Brazil,21,2009,194895.996
Brazil,21,2010,196796.269
Brazil,21,2011,198686.688
Brazil,21,2012,200560.983
Brazil,21,2013,202408.632
Brazil,21,2014,204213.133
Brazil,21,2015,205962.108
Brazil,21,2016,207652.865
Brazil,21,2017,209288.278
Brazil,21,2018,210867.954
China,351,1950,564213.116
China,351,1951,579767.941
China,351,1952,592554.61
China,351,1953,603471.522
China,351,1954,613266.356
China,351,1955,622536.143
China,351,1956,631721.433
China,351,1957,641112.06
China,351,1958,650863.639
China,351,1959,661025
China,351,1960,671620.839
China,351,1961,682739.731
China,351,1962,694611.29
China,351,1963,707639.042
China,351,1964,722307.01
China,351,1965,738904.353
China,351,1966,757595.02
China,351,1967,778135.015
China,351,1968,799881.783
China,351,1969,821936.873
China,351,1970,843600.917
China,351,1971,864706.141
China,351,1972,885288.196
China,351,1973,905106.244
China,351,1974,923937.815
China,351,1975,941655.385
China,351,1976,958142.619
China,351,1977,973487.475
China,351,1978,988046.366
China,351,1979,1002328.135
China,351,1980,1016748.267
China,351,1981,1031273.506
China,351,1982,1045911.681
China,351,1983,1061153.049
China,351,1984,1077602.916
China,351,1985,1095614.685
China,351,1986,1115455.674
China,351,1987,1136800.371
China,351,1988,1158666.859
China,351,1989,1179693.763
China,351,1990,1198882.292
China,351,1991,1215910.174
China,351,1992,1231002.333
China,351,1993,1244385.717
China,351,1994,1256499.031
China,351,1995,1267694.303
China,351,1996,1277980.948
China,351,1997,1287308.516
China,351,1998,1295920.548
China,351,1999,1304116.44
China,351,2000,1312130.838
China,351,2001,1320083.318
China,351,2002,1327998.301
China,351,2003,1335892.967
China,351,2004,1343743.902
China,351,2005,1351536.696
China,351,2006,1359288.268
China,351,2007,1367035.739
China,351,2008,1374798.424
China,351,2009,1382593.731
China,351,2010,1390419.698
China,351,2011,1398280.528
China,351,2012,1406131.446
China,351,2013,1413857.482
China,351,2014,1421307.384
China,351,2015,1428360.951
China,351,2016,1434972.081
China,351,2017,1441131.303
China,351,2018,1446801.322
France,68,1950,41879.605
France,68,1951,42070.919
France,68,1952,42365.579
France,68,1953,42724.223
France,68,1954,43117.846
France,68,1955,43527.762
France,68,1956,43946.212
France,68,1957,44375.735
France,68,1958,44827.61
France,68,1959,45319.11
France,68,1960,45865.396
France,68,1961,46470.824
France,68,1962,47121.382
France,68,1963,47781.402
France,68,1964,48402.837
France,68,1965,48952.255
France,68,1966,49411.387
France,68,1967,49791.935
France,68,1968,50127.143
France,68,1969,50466.394
France,68,1970,50843.829
France,68,1971,51273.47
France,68,1972,51739.837
France,68,1973,52212.314
France,68,1974,52646.198
France,68,1975,53010.73
France,68,1976,53295.791
France,68,1977,53516.213
France,68,1978,53696.453
France,68,1979,53872.444
France,68,1980,54070.817
France,68,1981,54298.045
France,68,1982,54547.688
France,68,1983,54817.832
France,68,1984,55102.743
France,68,1985,55397.482
France,68,1986,55704.494
France,68,1987,56024.508
France,68,1988,56348.214
France,68,1989,56663.204
France,68,1990,56960.835
France,68,1991,57237.702
France,68,1992,57496.974
France,68,1993,57744.82
France,68,1994,57990.661
France,68,1995,58241.791
France,68,1996,58499.689
France,68,1997,58763.395
France,68,1998,59034.921
France,68,1999,59316.107
France,68,2000,59608.201
France,68,2001,59911.252
France,68,2002,60225.076
France,68,2003,60550.097
France,68,2004,60886.607
France,68,2005,61233.9
France,68,2006,61592.884
France,68,2007,61960.95
France,68,2008,62329.567
France,68,2009,62687.521
France,68,2010,63026.74
France,68,2011,63343.577
France,68,2012,63639.873
France,68,2013,63919.917
France,68,2014,64190.638
France,68,2015,64457.201
France,68,2016,64720.69
France,68,2017,64979.548
France,68,2018,65233.271
Greece,84,1950,7668.794
Greece,84,1951,7743.251
Greece,84,1952,7814.593
Greece,84,1953,7882.997
Greece,84,1954,7948.525
Greece,84,1955,8011.124
Greece,84,1956,8070.644
Greece,84,1957,8126.805
Greece,84,1958,8179.268
Greece,84,1959,8227.654
Greece,84,1960,8271.788
Greece,84,1961,8311.808
Greece,84,1962,8348.332
Greece,84,1963,8382.605
Greece,84,1964,8416.193
Greece,84,1965,8450.504
Greece,84,1966,8486.428
Greece,84,1967,8524.555
Greece,84,1968,8565.665
Greece,84,1969,8610.472
Greece,84,1970,8659.795
Greece,84,1971,8712.683
Greece,84,1972,8769.758
Greece,84,1973,8835.139
Greece,84,1974,8914.176
Greece,84,1975,9009.917
Greece,84,1976,9124.755
Greece,84,1977,9255.38
Greece,84,1978,9392.113
Greece,84,1979,9521.672
Greece,84,1980,9634.504
Greece,84,1981,9727.724
Greece,84,1982,9804.166
Greece,84,1983,9867.161
Greece,84,1984,9922.431
Greece,84,1985,9974.739
Greece,84,1986,10023.374
Greece,84,1987,10068.281
Greece,84,1988,10115.853
Greece,84,1989,10174.169
Greece,84,1990,10248.537
Greece,84,1991,10341.892
Greece,84,1992,10451.417
Greece,84,1993,10569.422
Greece,84,1994,10684.818
Greece,84,1995,10789.375
Greece,84,1996,10880.912
Greece,84,1997,10961.123
Greece,84,1998,11030.393
Greece,84,1999,11090.266
Greece,84,2000,11142.119
Greece,84,2001,11184.398
Greece,84,2002,11216.799
Greece,84,2003,11243.567
Greece,84,2004,11270.476
Greece,84,2005,11301.204
Greece,84,2006,11338.77
Greece,84,2007,11380.897
Greece,84,2008,11419.647
Greece,84,2009,11443.828
Greece,84,2010,11446.005
Greece,84,2011,11422.805
Greece,84,2012,11378.257
Greece,84,2013,11321.3
Greece,84,2014,11264.726
Greece,84,2015,11217.8
Greece,84,2016,11183.716
Greece,84,2017,11159.773
Greece,84,2018,11142.161
India,100,1950,376325.2
India,100,1951,382245.303
India,100,1952,388538.62
India,100,1953,395160.091
India,100,1954,402077.026
India,100,1955,409269.055
India,100,1956,416728.771
India,100,1957,424461.108
India,100,1958,432481.663
India,100,1959,440813.896
India,100,1960,449480.608
India,100,1961,458494.963
India,100,1962,467852.537
India,100,1963,477527.97
India,100,1964,487484.535
India,100,1965,497702.365
India,100,1966,508161.935
India,100,1967,518889.779
India,100,1968,529967.317
India,100,1969,541505.076
India,100,1970,553578.513
India,100,1971,566224.812
India,100,1972,579411.513
India,100,1973,593058.926
India,100,1974,607050.255
India,100,1975,621301.72
India,100,1976,635771.734
India,100,1977,650485.03
India,100,1978,665502.284
India,100,1979,680915.804
India,100,1980,696783.517
India,100,1981,713118.032
India,100,1982,729868.013
India,100,1983,746949.067
India,100,1984,764245.202
India,100,1985,781666.671
India,100,1986,799181.436
India,100,1987,816792.741
India,100,1988,834489.322
India,100,1989,852270.034
India,100,1990,870133.48
India,100,1991,888054.875
India,100,1992,906021.106
India,100,1993,924057.817
India,100,1994,942204.249
India,100,1995,960482.795
India,100,1996,978893.217
India,100,1997,997405.318
India,100,1998,1015974.042
India,100,1999,1034539.214
India,100,2000,1053050.912
India,100,2001,1071477.855
India,100,2002,1089807.112
India,100,2003,1108027.848
India,100,2004,1126135.777
India,100,2005,1144118.674
India,100,2006,1161977.719
India,100,2007,1179681.239
India,100,2008,1197146.906
India,100,2009,1214270.132
India,100,2010,1230980.691
India,100,2011,1247236.029
India,100,2012,1263065.852
India,100,2013,1278562.207
India,100,2014,1293859.294
India,100,2015,1309053.98
India,100,2016,1324171.354
India,100,2017,1339180.127
India,100,2018,1354051.854
Iraq,103,1950,5719.192
Iraq,103,1951,5901.505
Iraq,103,1952,6065.01
Iraq,103,1953,6216.131
Iraq,103,1954,6360.439
Iraq,103,1955,6502.657
Iraq,103,1956,6646.643
Iraq,103,1957,6795.397
Iraq,103,1958,6951.161
Iraq,103,1959,7115.511
Iraq,103,1960,7289.761
Iraq,103,1961,7475.352
Iraq,103,1962,7674.223
Iraq,103,1963,7888.914
Iraq,103,1964,8122.199
Iraq,103,1965,8375.793
Iraq,103,1966,8651.164
Iraq,103,1967,8947.404
Iraq,103,1968,9260.682
Iraq,103,1969,9585.576
Iraq,103,1970,9917.983
Iraq,103,1971,10255.903
Iraq,103,1972,10599.845
Iraq,103,1973,10951.166
Iraq,103,1974,11312.305
Iraq,103,1975,11684.589
Iraq,103,1976,12068.168
Iraq,103,1977,12460.914
Iraq,103,1978,12859.094
Iraq,103,1979,13257.799
Iraq,103,1980,13653.356
Iraq,103,1981,14046.54
Iraq,103,1982,14438.309
Iraq,103,1983,14825.789
Iraq,103,1984,15205.501
Iraq,103,1985,15576.395
Iraq,103,1986,15936.375
Iraq,103,1987,16290.149
Iraq,103,1988,16651.807
Iraq,103,1989,17040.19
Iraq,103,1990,17469.005
Iraq,103,1991,17942.715
Iraq,103,1992,18458.187
Iraq,103,1993,19011.917
Iraq,103,1994,19597.239
Iraq,103,1995,20208.387
Iraq,103,1996,20845.893
Iraq,103,1997,21509.291
Iraq,103,1998,22190.25
Iraq,103,1999,22878.156
Iraq,103,2000,23565.413
Iraq,103,2001,24251.649
Iraq,103,2002,24939.299
Iraq,103,2003,25627.626
Iraq,103,2004,26316.609
Iraq,103,2005,27008.426
Iraq,103,2006,27697.912
Iraq,103,2007,28390.433
Iraq,103,2008,29111.417
Iraq,103,2009,29894.652
Iraq,103,2010,30762.701
Iraq,103,2011,31727.053
Iraq,103,2012,32776.571
Iraq,103,2013,33883.145
Iraq,103,2014,35006.08
Iraq,103,2015,36115.649
Iraq,103,2016,37202.572
Iraq,103,2017,38274.618
Iraq,103,2018,39339.753
Japan,110,1950,82802.084
Japan,110,1951,84315.601
Japan,110,1952,85658.683
Japan,110,1953,86869.425
Japan,110,1954,87980.318
Japan,110,1955,89018.257
Japan,110,1956,90004.313
Japan,110,1957,90953.954
Japan,110,1958,91877.704
Japan,110,1959,92782.224
Japan,110,1960,93673.615
Japan,110,1961,94560.845
Japan,110,1962,95458.881
Japan,110,1963,96389.953
Japan,110,1964,97379.848
Japan,110,1965,98447.002
Japan,110,1966,99595.128
Japan,110,1967,100820.021
Japan,110,1968,102120.482
Japan,110,1969,103491.93
Japan,110,1970,104925.645
Japan,110,1971,106425.269
Japan,110,1972,107977.039
Japan,110,1973,109532.878
Japan,110,1974,111030.141
Japan,110,1975,112423.055
Japan,110,1976,113690.108
Japan,110,1977,114839.12
Japan,110,1978,115890.284
Japan,110,1979,116878.026
Japan,110,1980,117827.355
Japan,110,1981,118743.18
Japan,110,1982,119615.624
Japan,110,1983,120438.087
Japan,110,1984,121199.799
Japan,110,1985,121894.038
Japan,110,1986,122519.652
Japan,110,1987,123083.205
Japan,110,1988,123594.968
Japan,110,1989,124068.903
Japan,110,1990,124515.561
Japan,110,1991,124940.015
Japan,110,1992,125341.476
Japan,110,1993,125717.524
Japan,110,1994,126063.174
Japan,110,1995,126375.466
Japan,110,1996,126654.021
Japan,110,1997,126902.628
Japan,110,1998,127127.265
Japan,110,1999,127335.858
Japan,110,2000,127533.934
Japan,110,2001,127723.513
Japan,110,2002,127902.617
Japan,110,2003,128067.794
Japan,110,2004,128213.632
Japan,110,2005,128335.767
Japan,110,2006,128432.994
Japan,110,2007,128505.251
Japan,110,2008,128550.508
Japan,110,2009,128566.659
Japan,110,2010,128551.873
Japan,110,2011,128505.399
Japan,110,2012,128426.384
Japan,110,2013,128312.92
Japan,110,2014,128162.873
Japan,110,2015,127974.958
Japan,110,2016,127748.513
Japan,110,2017,127484.45
Japan,110,2018,127185.332
Kenya,114,1950,6076.758
Kenya,114,1951,6240.163
Kenya,114,1952,6412.363
Kenya,114,1953,6593.109
Kenya,114,1954,6782.287
Kenya,114,1955,6979.931
Kenya,114,1956,7186.211
Kenya,114,1957,7401.421
Kenya,114,1958,7625.995
Kenya,114,1959,7860.475
Kenya,114,1960,8105.44
Kenya,114,1961,8361.441
Kenya,114,1962,8628.972
Kenya,114,1963,8908.422
Kenya,114,1964,9200.157
Kenya,114,1965,9504.703
Kenya,114,1966,9822.499
Kenya,114,1967,10154.484
Kenya,114,1968,10502.245
Kenya,114,1969,10867.716
Kenya,114,1970,11252.492
Kenya,114,1971,11657.514
Kenya,114,1972,12083.188
Kenya,114,1973,12529.852
Kenya,114,1974,12997.595
Kenya,114,1975,13486.629
Kenya,114,1976,13996.704
Kenya,114,1977,14528.293
Kenya,114,1978,15082.994
Kenya,114,1979,15662.852
Kenya,114,1980,16268.99
Kenya,114,1981,16901.677
Kenya,114,1982,17559.43
Kenya,114,1983,18239.404
Kenya,114,1984,18937.738
Kenya,114,1985,19651.225
Kenya,114,1986,20378.626
Kenya,114,1987,21119.318
Kenya,114,1988,21871.442
Kenya,114,1989,22633.022
Kenya,114,1990,23402.507
Kenya,114,1991,24179.598
Kenya,114,1992,24963.953
Kenya,114,1993,25754.114
Kenya,114,1994,26548.486
Kenya,114,1995,27346.456
Kenya,114,1996,28147.734
Kenya,114,1997,28954.114
Kenya,114,1998,29769.803
Kenya,114,1999,30600.397
Kenya,114,2000,31450.483
Kenya,114,2001,32321.482
Kenya,114,2002,33214.009
Kenya,114,2003,34130.852
Kenya,114,2004,35074.931
Kenya,114,2005,36048.288
Kenya,114,2006,37052.05
Kenya,114,2007,38085.909
Kenya,114,2008,39148.416
Kenya,114,2009,40237.204
Kenya,114,2010,41350.152
Kenya,114,2011,42486.839
Kenya,114,2012,43646.629
Kenya,114,2013,44826.849
Kenya,114,2014,46024.25
Kenya,114,2015,47236.259
Kenya,114,2016,48461.567
Kenya,114,2017,49699.862
Kenya,114,2018,50950.879
Republic of Korea,117,1950,19211.385
Republic of Korea,117,1951,19459.429
Republic of Korea,117,1952,19829.39
Republic of Korea,117,1953,20307.897
Republic of Korea,117,1954,20880.428
Republic of Korea,117,1955,21531.331
Republic of Korea,117,1956,22243.633
Republic of Korea,117,1957,22999.243
Republic of Korea,117,1958,23779.372
Republic of Korea,117,1959,24565.349
Republic of Korea,117,1960,25340.918
Republic of Korea,117,1961,26094.75
Republic of Korea,117,1962,26822.585
Republic of Korea,117,1963,27528.214
Republic of Korea,117,1964,28220.78
Republic of Korea,117,1965,28907.071
Republic of Korea,117,1966,29584.631
Republic of Korea,117,1967,30249.456
Republic of Korea,117,1968,30905.365
Republic of Korea,117,1969,31557.578
Republic of Korea,117,1970,32209.314
Republic of Korea,117,1971,32863.704
Republic of Korea,117,1972,33518.385
Republic of Korea,117,1973,34164.544
Republic of Korea,117,1974,34789.935
Republic of Korea,117,1975,35386.507
Republic of Korea,117,1976,35948.932
Republic of Korea,117,1977,36481.585
Republic of Korea,117,1978,36997.8
Republic of Korea,117,1979,37516.487
Republic of Korea,117,1980,38050.424
Republic of Korea,117,1981,38606.821
Republic of Korea,117,1982,39179.545
Republic of Korea,117,1983,39752.024
Republic of Korea,117,1984,40300.401
Republic of Korea,117,1985,40808.569
Republic of Korea,117,1986,41269.319
Republic of Korea,117,1987,41690.833
Republic of Korea,117,1988,42091.026
Republic of Korea,117,1989,42495.728
Republic of Korea,117,1990,42923.131
Republic of Korea,117,1991,43378.101
Republic of Korea,117,1992,43853.448
Republic of Korea,117,1993,44340.558
Republic of Korea,117,1994,44825.885
Republic of Korea,117,1995,45298.611
Republic of Korea,117,1996,45757.361
Republic of Korea,117,1997,46202.604
Republic of Korea,117,1998,46627.442
Republic of Korea,117,1999,47023.88
Republic of Korea,117,2000,47386.312
Republic of Korea,117,2001,47712.788
Republic of Korea,117,2002,48004.786
Republic of Korea,117,2003,48265.026
Republic of Korea,117,2004,48498.083
Republic of Korea,117,2005,48708.497
Republic of Korea,117,2006,48895.845
Republic of Korea,117,2007,49062.429
Republic of Korea,117,2008,49218.985
Republic of Korea,117,2009,49379.208
Republic of Korea,117,2010,49552.855
Republic of Korea,117,2011,49744.659
Republic of Korea,117,2012,49952.244
Republic of Korea,117,2013,50169.242
Republic of Korea,117,2014,50385.56
Republic of Korea,117,2015,50593.662
Republic of Korea,117,2016,50791.919
Republic of Korea,117,2017,50982.212
Republic of Korea,117,2018,51164.435
Russian Federation,185,1992,148318.025
Russian Federation,185,1993,148431.373
Russian Federation,185,1994,148411.855
Russian Federation,185,1995,148288.839
Russian Federation,185,1996,148073.924
Russian Federation,185,1997,147768.371
Russian Federation,185,1998,147381.001
Russian Federation,185,1999,146919.737
Russian Federation,185,2000,146396.514
Russian Federation,185,2001,145814.864
Russian Federation,185,2002,145194.882
Russian Federation,185,2003,144584.695
Russian Federation,185,2004,144044.607
Russian Federation,185,2005,143618.185
Russian Federation,185,2006,143322.933
Russian Federation,185,2007,143150.142
Russian Federation,185,2008,143083.187
Russian Federation,185,2009,143092.765
Russian Federation,185,2010,143153.869
Russian Federation,185,2011,143263.988
Russian Federation,185,2012,143420.597
Russian Federation,185,2013,143597.23
Russian Federation,185,2014,143761.378
Russian Federation,185,2015,143888.004
Russian Federation,185,2016,143964.513
Russian Federation,185,2017,143989.754
Russian Federation,185,2018,143964.709
South Africa,202,1950,13628.428
South Africa,202,1951,13953.843
South Africa,202,1952,14291.415
South Africa,202,1953,14641.017
South Africa,202,1954,15002.729
South Africa,202,1955,15376.829
South Africa,202,1956,15763.822
South Africa,202,1957,16164.413
South Africa,202,1958,16579.477
South Africa,202,1959,17009.989
South Africa,202,1960,17456.855
South Africa,202,1961,17920.673
South Africa,202,1962,18401.608
South Africa,202,1963,18899.275
South Africa,202,1964,19412.975
South Africa,202,1965,19942.303
South Africa,202,1966,20486.439
South Africa,202,1967,21045.785
South Africa,202,1968,21622.59
South Africa,202,1969,22219.897
South Africa,202,1970,22839.451
South Africa,202,1971,23482.813
South Africa,202,1972,24148.137
South Africa,202,1973,24829.693
South Africa,202,1974,25519.604
South Africa,202,1975,26212.405
South Africa,202,1976,26904.349
South Africa,202,1977,27597.297
South Africa,202,1978,28298.15
South Africa,202,1979,29017.049
South Africa,202,1980,29760.471
South Africa,202,1981,30532.954
South Africa,202,1982,31330.259
South Africa,202,1983,32139.708
South Africa,202,1984,32943.584
South Africa,202,1985,33730.148
South Africa,202,1986,34490.419
South Africa,202,1987,35230.249
South Africa,202,1988,35970.537
South Africa,202,1989,36740.883
South Africa,202,1990,37560.525
South Africa,202,1991,38437.855
South Africa,202,1992,39360.225
South Africa,202,1993,40300.161
South Africa,202,1994,41218.901
South Africa,202,1995,42088.165
South Africa,202,1996,42898.52
South Africa,202,1997,43657.024
South Africa,202,1998,44372.112
South Africa,202,1999,45058.775
South Africa,202,2000,45728.315
South Africa,202,2001,46385.006
South Africa,202,2002,47026.173
South Africa,202,2003,47648.727
South Africa,202,2004,48247.395
South Africa,202,2005,48820.586
South Africa,202,2006,49364.582
South Africa,202,2007,49887.181
South Africa,202,2008,50412.129
South Africa,202,2009,50970.818
South Africa,202,2010,51584.663
South Africa,202,2011,52263.516
South Africa,202,2012,52998.213
South Africa,202,2013,53767.396
South Africa,202,2014,54539.571
South Africa,202,2015,55291.225
South Africa,202,2016,56015.473
South Africa,202,2017,56717.156
South Africa,202,2018,57398.421
Spain,203,1950,28069.735
Spain,203,1951,28243.635
Spain,203,1952,28442.373
Spain,203,1953,28658.669
Spain,203,1954,28887.349
Spain,203,1955,29125.354
Spain,203,1956,29371.821
Spain,203,1957,29628.012
Spain,203,1958,29896.928
Spain,203,1959,30182.782
Spain,203,1960,30489.242
Spain,203,1961,30817.57
Spain,203,1962,31165.075
Spain,203,1963,31524.385
Spain,203,1964,31885.404
Spain,203,1965,32241.041
Spain,203,1966,32587.244
Spain,203,1967,32926.306
Spain,203,1968,33265.172
Spain,203,1969,33614.194
Spain,203,1970,33980.276
Spain,203,1971,34363.917
Spain,203,1972,34760.522
Spain,203,1973,35165.557
Spain,203,1974,35572.476
Spain,203,1975,35975.317
Spain,203,1976,36373.1
Spain,203,1977,36763.529
Spain,203,1978,37137.704
Spain,203,1979,37484.749
Spain,203,1980,37796.795
Spain,203,1981,38071.262
Spain,203,1982,38309.711
Spain,203,1983,38514.061
Spain,203,1984,38688.12
Spain,203,1985,38835.884
Spain,203,1986,38958.074
Spain,203,1987,39057.213
Spain,203,1988,39141.605
Spain,203,1989,39221.74
Spain,203,1990,39306.102
Spain,203,1991,39403.2
Spain,203,1992,39515.511
Spain,203,1993,39638.635
Spain,203,1994,39764.562
Spain,203,1995,39890.498
Spain,203,1996,40009.324
Spain,203,1997,40131.56
Spain,203,1998,40292.642
Spain,203,1999,40539.723
Spain,203,2000,40903.711
Spain,203,2001,41392.103
Spain,203,2002,41985.52
Spain,203,2003,42653.406
Spain,203,2004,43351.668
Spain,203,2005,44042.632
Spain,203,2006,44725.532
Spain,203,2007,45393.858
Spain,203,2008,45997.806
Spain,203,2009,46476.072
Spain,203,2010,46788.63
Spain,203,2011,46909.138
Spain,203,2012,46857.404
Spain,203,2013,46697.553
Spain,203,2014,46521.827
Spain,203,2015,46397.664
Spain,203,2016,46347.576
Spain,203,2017,46354.321
Spain,203,2018,46397.452
Syrian Arab Republic,212,1950,3413.331
Syrian Arab Republic,212,1951,3498.526
Syrian Arab Republic,212,1952,3591.006
Syrian Arab Republic,212,1953,3690.735
Syrian Arab Republic,212,1954,3797.624
Syrian Arab Republic,212,1955,3911.501
Syrian Arab Republic,212,1956,4032.069
Syrian Arab Republic,212,1957,4158.976
Syrian Arab Republic,212,1958,4291.803
Syrian Arab Republic,212,1959,4430.101
Syrian Arab Republic,212,1960,4573.512
Syrian Arab Republic,212,1961,4721.896
Syrian Arab Republic,212,1962,4875.422
Syrian Arab Republic,212,1963,5034.646
Syrian Arab Republic,212,1964,5200.336
Syrian Arab Republic,212,1965,5373.137
Syrian Arab Republic,212,1966,5553.246
Syrian Arab Republic,212,1967,5740.71
Syrian Arab Republic,212,1968,5935.86
Syrian Arab Republic,212,1969,6139.048
Syrian Arab Republic,212,1970,6350.541
Syrian Arab Republic,212,1971,6570.857
Syrian Arab Republic,212,1972,6800.141
Syrian Arab Republic,212,1973,7037.851
Syrian Arab Republic,212,1974,7283.177
Syrian Arab Republic,212,1975,7535.714
Syrian Arab Republic,212,1976,7794.662
Syrian Arab Republic,212,1977,8060.649
Syrian Arab Republic,212,1978,8336.418
Syrian Arab Republic,212,1979,8625.69
Syrian Arab Republic,212,1980,8930.774
Syrian Arab Republic,212,1981,9252.851
Syrian Arab Republic,212,1982,9590.227
Syrian Arab Republic,212,1983,9938.847
Syrian Arab Republic,212,1984,10293.049
Syrian Arab Republic,212,1985,10648.632
Syrian Arab Republic,212,1986,11004.272
Syrian Arab Republic,212,1987,11360.852
Syrian Arab Republic,212,1988,11719.071
Syrian Arab Republic,212,1989,12080.444
Syrian Arab Republic,212,1990,12446.171
Syrian Arab Republic,212,1991,12815.219
Syrian Arab Republic,212,1992,13187.085
Syrian Arab Republic,212,1993,13564.167
Syrian Arab Republic,212,1994,13949.697
Syrian Arab Republic,212,1995,14345.492
Syrian Arab Republic,212,1996,14755.286
Syrian Arab Republic,212,1997,15177.456
Syrian Arab Republic,212,1998,15602.21
Syrian Arab Republic,212,1999,16016.092
Syrian Arab Republic,212,2000,16410.848
Syrian Arab Republic,212,2001,16766.899
Syrian Arab Republic,212,2002,17087.901
Syrian Arab Republic,212,2003,17415.266
Syrian Arab Republic,212,2004,17806.638
Syrian Arab Republic,212,2005,18294.611
Syrian Arab Republic,212,2006,18914.977
Syrian Arab Republic,212,2007,19632.806
Syrian Arab Republic,212,2008,20325.443
Syrian Arab Republic,212,2009,20824.893
Syrian Arab Republic,212,2010,21018.834
Syrian Arab Republic,212,2011,20863.993
Syrian Arab Republic,212,2012,20420.701
Syrian Arab Republic,212,2013,19809.141
Syrian Arab Republic,212,2014,19203.09
Syrian Arab Republic,212,2015,18734.987
Syrian Arab Republic,212,2016,18430.453
Syrian Arab Republic,212,2017,18269.868
Syrian Arab Republic,212,2018,18284.407
United States of America,231,1950,158804.395
United States of America,231,1951,160905.035
United States of America,231,1952,163324.851
United States of America,231,1953,165988.19
United States of America,231,1954,168827.613
United States of America,231,1955,171783.842
United States of America,231,1956,174805.941
United States of America,231,1957,177851.156
United States of America,231,1958,180884.458
United States of America,231,1959,183877.873
United States of America,231,1960,186808.228
United States of America,231,1961,189654.905
United States of America,231,1962,192397.741
United States of America,231,1963,195016.211
United States of America,231,1964,197491.844
United States of America,231,1965,199815.54
United States of America,231,1966,201975.222
United States of America,231,1967,203981.928
United States of America,231,1968,205880.418
United States of America,231,1969,207733.004
United States of America,231,1970,209588.15
United States of America,231,1971,211461.598
United States of America,231,1972,213351.773
United States of America,231,1973,215268.687
United States of America,231,1974,217218.393
United States of America,231,1975,219205.296
United States of America,231,1976,221239.215
United States of America,231,1977,223324.042
United States of America,231,1978,225449.657
United States of America,231,1979,227599.878
United States of America,231,1980,229763.052
United States of America,231,1981,231938.963
United States of America,231,1982,234132.632
United States of America,231,1983,236344.004
United States of America,231,1984,238573.861
United States of America,231,1985,240824.12
United States of America,231,1986,243098.935
United States of America,231,1987,245402.864
United States of America,231,1988,247739.582
United States of America,231,1989,250113.187
United States of America,231,1990,252529.95
United States of America,231,1991,254974.819
United States of America,231,1992,257454.273
United States of America,231,1993,260020.186
United States of America,231,1994,262741.566
United States of America,231,1995,265658.849
United States of America,231,1996,268803.424
United States of America,231,1997,272136.551
United States of America,231,1998,275542.603
United States of America,231,1999,278862.277
United States of America,231,2000,281982.778
United States of America,231,2001,284852.391
United States of America,231,2002,287506.847
United States of America,231,2003,290027.624
United States of America,231,2004,292539.324
United States of America,231,2005,295129.501
United States of America,231,2006,297827.356
United States of America,231,2007,300595.175
United States of America,231,2008,303374.067
United States of America,231,2009,306076.362
United States of America,231,2010,308641.391
United States of America,231,2011,311051.373
United States of America,231,2012,313335.423
United States of America,231,2013,315536.676
United States of America,231,2014,317718.779
United States of America,231,2015,319929.162
United States of America,231,2016,322179.605
United States of America,231,2017,324459.463
United States of America,231,2018,326766.748
